filename, Fake, Real
000a749efc8e45f0d38bcf7a8088b843_jpg.rf.8f287350b7ca9b1c2c3f675f12ff6d0d.jpg, 1, 0
deepfake-src_16-ref_23_jpg.rf.8f6ddea4f0bd958531cf88c0abd6bab8.jpg, 0, 1
982bd0d8bfeec3492dbece06645cc3f1_jpg.rf.8fb7356be122448b39a4653b1e90ff43.jpg, 1, 0
50f42a4030fbe46b55eda21d403e0898_jpg.rf.8fbdf6a719682c35d3abf50df92cd4a2.jpg, 0, 1
9f1795c11616356ea3ea537545da6015_jpg.rf.8fd1241d88c55ac13e7b4345aa1d16fb.jpg, 1, 0
17fbb84efe44d30c3fd94b2865a70f23_jpg.rf.901b212350521ce5c0a0d376b6a3284d.jpg, 0, 1
4dfaa61344906044122b00ddc96c09ac_jpg.rf.90c4de21d6ec4d5d5ea765df86cee081.jpg, 0, 1
0cc0dc8e7ce509b58f812b6439258efa_jpg.rf.935a090536780578820986ecb3f5cc31.jpg, 1, 0
5b0f3bf7727f2d28d5198a91369a1cf8_jpg.rf.8fb07cfd68a4d2ddc2922bb33fee721d.jpg, 0, 1
0d5a351c0b5533d184c050b942ea925f_jpg.rf.9195a58a8c2a1c37cbe406b47a0387de.jpg, 1, 0
19c0eb6ff2a55272e05ae1dc4cd6b466_jpg.rf.9060a5a917786e7ba5eef504ceacfd85.jpg, 1, 0
4a161d0853e68759599fb3ce2832ef99_jpg.rf.919dc02909b9bc6cd2eab59a192a648e.jpg, 1, 0
979642c98d3db298052749004d02e116_jpg.rf.918411af3bb86b81336d4ce87308f1ae.jpg, 0, 1
deepfake-src_2-ref_97_jpg.rf.9257471b0f2862d92d27c7cf4f7fff75.jpg, 0, 1
96ad9df53cf2686f1a16d127ffb5980d_jpg.rf.925997d8deaaaa3ea8af05779372ce05.jpg, 0, 1
deepfake-src_21-ref_19_jpg.rf.91fa443dfb25a538b0b0cfc1d317d476.jpg, 0, 1
122e01650de7e6ec3b0c5808b448c9a2_jpg.rf.92211f97a0c58d601a82d8a840ab9b92.jpg, 0, 1
ced6914eb9aa033440780d4e469fd081_jpg.rf.91e5eb11b5e459232cd2e7fd3cdfb4da.jpg, 0, 1
4b7e745aaf631e1bac59cd28525eab13_jpg.rf.931cbb3e197e7d6811687d9cabb91fc2.jpg, 1, 0
d823429f32ec5664528eb08a98bdde31_jpg.rf.92f1446d080fe6ee35ea1932a65d1780.jpg, 0, 1
33dc44b8190291854c027d934222ee7c_jpg.rf.930e229afdb62aaaf1b21cf8a9091b23.jpg, 1, 0
07f838610d75b083f080c6c7d7b551f4_jpg.rf.8fae9d6de829ec5ae88fa6a37103c81e.jpg, 0, 1
c501a1506bc33b71eead86b10dac59ed_jpg.rf.931dc45769bb96ea74da66e46fb1ba37.jpg, 0, 1
34e2040ca1b82ab5198b2d91474a5f9a_jpg.rf.9387cc0375ca02b996683ad3cdc524c6.jpg, 0, 1
34f5ff5b4b8555cc3b4cc9e56359bc5d_jpg.rf.93b06ec0e429e025054823f1e212a470.jpg, 0, 1
db9e7b36ebacdba3f7a2354e9706482b_jpg.rf.95234d59ae7f8e5a2fee1f14e64c0e46.jpg, 0, 1
5835dbee1a44993735053fcdf6d2549a_jpg.rf.947123a2ff51274510090332d6f8d877.jpg, 1, 0
flipped_2af74432a934f20a85bb56e020c55d9a_jpg.rf.97e40a6f9653cb9c887b65bc70e95968.jpg, 1, 0
cc197b5df1fad7df7e0852b3e0c30c98_jpg.rf.943c0e386f80bc8fe922e5f6aadc8bff.jpg, 0, 1
e46d0a5df35727e03e96288f68bad924_jpg.rf.94ec0335c96a214fda6d837fd5d34c2b.jpg, 0, 1
53bb94b656c1e1fe065e8f3244b8e904_jpg.rf.95c5cfbfa86873f1ea59cc8b964f279e.jpg, 0, 1
c796527c2f7fc30fc3a245edf2cd6650_jpg.rf.967fa21ba96d38e79da9d26702a05af4.jpg, 0, 1
0ebc4388c3ed59e43354ab39011e00f7_jpg.rf.969f5404efe345e8b66a5f2cd0b8fb21.jpg, 0, 1
3d50be43190525fe604c7950cb5a10a4_jpg.rf.97735bbe362c24b8b03473a9363694b4.jpg, 0, 1
99765a5a12478fe5fb994c290112dd9a_jpg.rf.961ece00d7f13d98f76f1a7c9c1cb7ed.jpg, 0, 1
deepfake-src_17-ref_15_jpg.rf.95ea398502ee46fc99da0d4c2679d6f7.jpg, 0, 1
90bbabc19eac7d56a5f9d4ef95e7110b_jpg.rf.9836cdfffa2a068f2225f621ebeef8bc.jpg, 1, 0
6d3141dd7d86728f1a6c574c9576857f_jpg.rf.95304a76d5429d30b6dcfff2a4c1980a.jpg, 1, 0
c087bfb5f3f50c02c95adb6aa6ad0048_jpg.rf.97dc666f960df12d4365fb6af9662d11.jpg, 0, 1
4227d6e0ac1056c1e2da948b38267d85_jpg.rf.988129b6a37e2fdff82762a5d987bf57.jpg, 1, 0
bfd15b8cb067771cd84c1180b2c6030b_jpg.rf.9869c32c770574f7491cdb9d88823bf8.jpg, 0, 1
8dff032a4db8c8be136d8473a03023f2_jpg.rf.97fbb2c28092f81445e995994bb4b5cf.jpg, 0, 1
9068b7483da307480999f74db71600e1_jpg.rf.9649b4161434e0c1b841d92ea0fa8d67.jpg, 1, 0
8a98aba4505ad5320fdaa96a0d03a791_jpg.rf.9829c831353104ddd3a77fc852cb404a.jpg, 1, 0
2b4dbeba6218f646b3066f64472ac4f7_jpg.rf.953996e4f33772e818f42616ba3c394f.jpg, 1, 0
dfaac789780169b9960e9d12d0656666_jpg.rf.98ccfec3fc2a4017d6e52ecf29647e11.jpg, 0, 1
80cd2808b881d0674b7a6066b12ea61e_jpg.rf.9765e1931492f5aca49609ecc775c079.jpg, 0, 1
0a3861ea76cd235432837ae5bd95e250_jpg.rf.96384f9a7be64e2c88d1419a10cd1aa1.jpg, 0, 1
373b7727679a33c89b0a9609dacd62e9_jpg.rf.97390aacdc450867f685cb67936d994b.jpg, 1, 0
98ba18153fcb26ecd33d8675b5ff015c_jpg.rf.9777038788ad491a58cf0dc3a1b0a462.jpg, 0, 1
14a073624b9fe76ccfafdf73a19a6628_jpg.rf.98cf92d1166a0e8d033eced0e42dff38.jpg, 0, 1
flipped_2dfac82099a51d56596b3a4deb3fe81b_jpg.rf.98dcdf466645f85e5c8361d16f975e19.jpg, 1, 0
0a881cbb774085c382a90f90d15a613e_jpg.rf.99f51f93ec74e840960bee75aae36fe9.jpg, 1, 0
6782c532819f80367fc0b01238f26de3_jpg.rf.998f42bced63a9a208fc262ad8921a75.jpg, 1, 0
25ca6887caa2bd2cd84bab2c39e88281_jpg.rf.99ddf4847b69ae4d0497e9c13b1073ed.jpg, 1, 0
2bc1c847fac7483d31eef7c405938217_jpg.rf.9a47e6a14f4466885e8e9b3f3701dbbb.jpg, 0, 1
286fce7138f8fe185989508f278ae9f7_jpg.rf.990b8411ea9c2f61dd581da9743d179d.jpg, 1, 0
c3c8044f598ac2bd184abc9ace3bbd4e_jpg.rf.99f60247e5051ba51084fc4580f09db2.jpg, 0, 1
82d41e052bc2244c491c795e31d60694_jpg.rf.9911ed3f4ab3376eb3a237ff5a00fccd.jpg, 1, 0
60d5cbecc72c87c0d8318219e7ca1c58_jpg.rf.99a3693327f73f21b565c1825354042d.jpg, 1, 0
30fdc147933bc1592b69a43f08f5518c_jpg.rf.9aeaa293c62752a057a834faef9c9e15.jpg, 1, 0
9abf3fc9ea53fc6e96ef8c62895c2777_jpg.rf.996b16732becd0057b07a0b4f25d1b10.jpg, 0, 1
7a00c36cb269847e1f7a900acf273ec7_jpg.rf.9a70ed0b56568ec9c7bfc87c22188200.jpg, 0, 1
2c0acddfd165b592093dec9defcb714b_jpg.rf.9bf531bf8078f86640c30b1900cedf97.jpg, 0, 1
8ea9164680af3fdc1cd67bde024ced05_jpg.rf.9a3e113f13d0ceb879bcb67737c85ec5.jpg, 0, 1
9b302eed138405d645cae275a2013fca_jpg.rf.9b36cfdcb070a0efb5300948480072a2.jpg, 0, 1
deepfake-src_13-ref_99_jpg.rf.9ba94b6a69809005652c217054a7f55e.jpg, 0, 1
flipped_0a9fab9c821a9f2e8502b8ac1ac6f2c7_jpg.rf.9ac98a22555a0d3ca105aeef12207e19.jpg, 1, 0
7b7e8a06f22394b13ec41ac3803e8d2e_jpg.rf.9a0482af518cc1dd16f778d48f209ff2.jpg, 0, 1
da71dd1a8ce8fff3a93e8b2d1ac41f42_jpg.rf.9cc30040a8a950ee8b5b27ea11866fdd.jpg, 0, 1
174e3fafc531d9d27ac2e4f3db55544b_jpg.rf.9c323be29e5d35207a119077d257c6a5.jpg, 0, 1
9d3d791b22f2f76ee57a83a5924bc9ab_jpg.rf.9bf74a13d713f00b479202a3bdd2a669.jpg, 0, 1
flipped_5b16e8a9b977f320bceab3673dfd435c_jpg.rf.9cbc91f974e3be7ecab72fa30aaab012.jpg, 1, 0
24b8fc5b2d8afabf932485c3fa7e284f_jpg.rf.9a9c05351fb35ea2b1e0324671a8beff.jpg, 0, 1
flipped_8b05b79c45d2eda0d283f2ec0f477c1a_jpg.rf.9a690c6e38e42985ab8154366b0f28e2.jpg, 1, 0
flipped_10f49530118261cce82201e0c6abd2bd_jpg.rf.9bed0434c8b6f6e575bb9edb779c4d12.jpg, 1, 0
7a2bfe3d4b7c52b0e088661744f9b760_jpg.rf.9c6c485b2be3b215586df1085f11f976.jpg, 0, 1
flipped_10e27bf07626e587315293aec28269d6_jpg.rf.9d69e01c55eb0fc8878ba719f09933ed.jpg, 1, 0
6b70ba130211129ed979e4a3571169aa_jpg.rf.9c89d2da77f5dc7e532468cab3decafe.jpg, 1, 0
89b3e0c8ccb95e50e0add3acb2b9326c_jpg.rf.9c5d61c05f237f70f259bde34a01a2df.jpg, 1, 0
78523sadf15dfad132-50-_jpg.rf.9ce730d3e2f94f435933a4d94c64237c.jpg, 1, 0
da91c6b3ddee2deb090b984036e290d3_jpg.rf.9da08b94f20046f7222bc763b555baf3.jpg, 0, 1
deepfake-src_20-ref_115_jpg.rf.9ced5cde78369318d94a76febc99125a.jpg, 0, 1
06f0c2c34b6b970808b8c6368d0eb924_jpg.rf.9db01cd96cf471b88c873cb9d513dbd7.jpg, 1, 0
flipped_07a5dd061a7fa129258bf894b6aef457_jpg.rf.9e035a1b26caf9b6415afd7ffc94e930.jpg, 1, 0
4559cfa14c7959da1082cce1f258ac6c_jpg.rf.9e3adb789adf80cc8f1bd18322391c10.jpg, 1, 0
0a6239be36dc1f64c73d21a0e96d8616_jpg.rf.9db7fdacaf1cc6b358b8432c551d6181.jpg, 1, 0
76436b02c92560307e39e5eca204f31e_jpg.rf.9ff22457caaba0cd81ca32767614a97c.jpg, 0, 1
9dc076c6bae2af9d41c99cba13c5dd68_jpg.rf.9ff840036132ca9be6bdba51a89b9067.jpg, 1, 0
2d5893ced7a8766fc5dadebcb847f5d4_jpg.rf.9e114e499439db3c07736bb4a1f8fa28.jpg, 1, 0
5a7851075e9cb56df4047b1b49e911e1_jpg.rf.9efe47aaadd82d1e1da68ac930b0492d.jpg, 0, 1
5c4b35879d6cfc1462f061e89b19f0a9_jpg.rf.9eb19b01ba08f8c021c0a2ac5ed0ea0d.jpg, 0, 1
9c5bee96cb2fbafdd2b08bd215ecb659_jpg.rf.9ff2d2bfe51abc93851e1fd3e3838643.jpg, 1, 0
5fc37ef1a0ee731d43c5491100be2f11_jpg.rf.9ea90abb0e62ab584a279615176c84c1.jpg, 1, 0
49f6648424d1bca3aefde356694c2d05_jpg.rf.a05f816209454f8a8a76fb4c1664754b.jpg, 0, 1
d6de69d84773c702fa6bd96fa10ca9ca_jpg.rf.9f00dc93cb8c3c087ea89d0de04aa67b.jpg, 0, 1
6fa80807e8fbed548f2711a83ae23da5_jpg.rf.a0863d36cca2b45d35487dc4b0f9ec41.jpg, 0, 1
2aea64e815496bbc8180527822aeccaa_jpg.rf.a108bb3bd3456a91ea60854229264d0a.jpg, 0, 1
7becad5cacab65ce38190f3a71b4f18a_jpg.rf.a0a5c728d86682bb01cd7fa298ce7bab.jpg, 1, 0
474f4b0c05465a55deab7fd0e93c676b_jpg.rf.a23ba4928931e477ff4ca7f4b038af5f.jpg, 0, 1
0a2700a8fe1dca6506bc9d70e03522e2_jpg.rf.9ff8e29c581659dcb22e20aba52587e1.jpg, 0, 1
9b82094b347675b62944879071cf0259_jpg.rf.a0fca2eae15ca10f5696788fc7b8a2a3.jpg, 0, 1
flipped_3ac257d81f9ed8bf3d6d41c0f8d283de_jpg.rf.a1e278feb19ba6c2fc837652a3cae11f.jpg, 1, 0
1505d46969684a47eb159aac5be7d64e_jpg.rf.a1900c907b667cde02795598de9b0912.jpg, 1, 0
1cf911a616aaa7aee54523acb4186e2f_jpg.rf.a07546972f8b774d47cd24058e3b03fc.jpg, 1, 0
3e6802450e22497b7763f5e3b42da27c_jpg.rf.a24532bda92ea9978f4f58f36153410b.jpg, 0, 1
30cad69d15a5329d394b0552911b19f8_jpg.rf.a0cef96a26c688ce1024a44a26a1bfaa.jpg, 1, 0
1820f0f8656bd3e55a3022bd2d436aeb_jpg.rf.a28a93e726a7c6f99c784b0f0b1075da.jpg, 1, 0
deepfake-src_11-ref_45_jpg.rf.a2e091d01ac51728c0e6c5c30091d3b3.jpg, 0, 1
deepfake-src_10-ref_124_jpg.rf.a485eed37eea28c9402595a903e52f1e.jpg, 1, 0
cf9438e0f1abd3787f9ddf5e5ec487d5_jpg.rf.a40a04f4c3468046ab48038098e60b36.jpg, 0, 1
d31d36e30954217b964777fb0595a6c8_jpg.rf.a415039fd694cb0c3fb558ec075fc1c2.jpg, 0, 1
96b30a2f35e69dde258ccdad76523282_jpg.rf.a339482285a1d1de2f33d56eba44dfbe.jpg, 0, 1
4c40d5c0fee537a36ca209dfc5690ea6_jpg.rf.a473e3f0a2e3ad6e90a47061a32755cb.jpg, 0, 1
deepfake-src_12-ref_103_jpg.rf.a27ac75eefbc50b60c8915a41e20fa7a.jpg, 0, 1
82b2b3ba474ad453104c0f945ceb0501_jpg.rf.a3e88d8342a6b120e6f74180804d6e41.jpg, 0, 1
231e6ab9ee0090c74b347fca432cac09_jpg.rf.a466a4fc661d4893025696dd56de9004.jpg, 1, 0
e18c59d6ae6b4adb8deb37ae754ef828_jpg.rf.a4b374424696ebb9ad1a29fd0b51f907.jpg, 0, 1
deepfake-src_31-ref_0_jpg.rf.a28b5a83be7010c9fb427c16e5380b67.jpg, 0, 1
d3bdd0cfc8a2438ed26b9bf6730c435a_jpg.rf.a44c78387da54c7fca135308a618ced5.jpg, 0, 1
deepfake-src_6-ref_19_jpg.rf.a515f95e315433ba43f22830cf904352.jpg, 0, 1
deepfake-src_5-ref_138_jpg.rf.a4c2c7724bfe8e95ef48008a6c90e7d9.jpg, 0, 1
dfa53c522df954557704f7428bc3b282_jpg.rf.a3b960d9d4d3bba6d8fbb935a9c90ae8.jpg, 0, 1
dacbd219c98d98e3d97c430480271dda_jpg.rf.a550380a38fdcc52e988d2b280f22c5a.jpg, 0, 1
cacfd501cdb116a148163c296ed0c7c4_jpg.rf.9fef240bda774dafd8aa2336ed83e53b.jpg, 0, 1
flipped_00a7218a4d9f1fa6a6073f575b064cae_jpg.rf.a51d77ec75adae1c5ca05973afa3cbf1.jpg, 1, 0
c0a72a8da6b188845a002b5eabae78ed_jpg.rf.a585f31776c36897ef8e415138ef9469.jpg, 1, 0
66c91df83fd95ceb7c3d417dd9545963_jpg.rf.a64a760c2fb153a802de61b336b631d9.jpg, 1, 0
9e16904fa44d55ac07eaa01c3b8592e2_jpg.rf.a5d528380274a63f3408eeae13acdcfe.jpg, 1, 0
7976903ff7ce7843b1ae615c46db37ae_jpg.rf.a6079da052d25366601a72a68fe87b66.jpg, 0, 1
da813ab7635ec54a12f3a78a326feb41_jpg.rf.a5c1118f6ae0e150dfd3882ff5db7eb9.jpg, 0, 1
6c1f99ec1c358566cd15bc40d4487dea_jpg.rf.a68771584ec45bace3b20bda47b458a6.jpg, 0, 1
279f24735334e42ddd161aaf67c94346_jpg.rf.a64ea15c0e43181190388f7ecb997ed4.jpg, 0, 1
e0946e0a0e9a3a29f9581db7475fcd4e_jpg.rf.a655cee958736911cd34b54d731024f6.jpg, 0, 1
078e978d5a9c5fb9e650d9e149fe4b1a_jpg.rf.a754397581e1f0960225fec5f5615cbe.jpg, 0, 1
flipped_1e7646a97ef8b481e5fb13f31c9c5697_jpg.rf.a74184b22e46a45dc136dcd8055ba44b.jpg, 1, 0
e6905fc7d5a840c89ad54c6159b765df_jpg.rf.a67b94ddd6c7991b488e460b22fd0c54.jpg, 0, 1
0d51708ab43040a7288339343247b829_jpg.rf.a9cd27e2de2ee498e268e9db8505d33c.jpg, 1, 0
8807be220b8ff82e5ad24ef97895deea_jpg.rf.a9a58a39eb8f0aa24b683c1d02390d27.jpg, 1, 0
76490d1d0146fdd9df013475cd98952d_jpg.rf.a9be4e777ff639790a6b085d63f2e0aa.jpg, 0, 1
de11e4bf6e944dc179405c47d07124dc_jpg.rf.a8da58b4624fc8a54792b2e014d269da.jpg, 0, 1
flipped_4f391c45d3742f90cb3ee9ccec7efb59_jpg.rf.a76359e56363e24e5a6d9cfad106f523.jpg, 1, 0
653c2222b71a108db7d571f127345d07_jpg.rf.a6f1d7d3ea0d600011d406599e9d533b.jpg, 1, 0
927d95adc73aa470fbc3dcf3aa62bcda_jpg.rf.a698fdd8a33b392757af190d3d1eb0a4.jpg, 1, 0
flipped_8e2d480be7a6e4c9cd1f1b5ac31a5f6c_jpg.rf.a7d9d696370bc281d93611ac168a58ae.jpg, 1, 0
3e9d5d90415693f4775384ef895191ee_jpg.rf.a84a06fc9329ad1ca1dffa1964468fde.jpg, 1, 0
deepfake-src_15-ref_101_jpg.rf.a8fa1d5ef516a9bdbf4f7761142d39ad.jpg, 0, 1
5d817f0580e61ce18f24ad9ddf557693_jpg.rf.a70af1983e6170f2f4087924829481a8.jpg, 1, 0
bdec7b8a31f1acfbd430351b1a067828_jpg.rf.a904f56b8d882e994edf36849f749ab7.jpg, 0, 1
5b27500418a8ad6b267c745b5acf66d2_jpg.rf.a9cfc06eabb0266313be08ad4c95d2bb.jpg, 0, 1
6b68e903bb27d6308fd7f9e4291b7de9_jpg.rf.a8ef5cff9940098f8cccbd30f99cd67e.jpg, 1, 0
deepfake-src_25-ref_140_jpg.rf.a9faf7955359f8a62b7b1d28c72a2bfc.jpg, 0, 1
19fde7bc68fa7b1bbddf3bbcec4936c3_jpg.rf.aa6a775c3ce1f597ece3d00d7eeac24e.jpg, 1, 0
03b93b94cc6fcf725e0f5c31a396b2a9_jpg.rf.aa49ac4e10f643d7dd88c3155d1ecf72.jpg, 0, 1
bd107f591f71267a380757da944b5069_jpg.rf.ab12f95349ef704dd456f956b2b748a4.jpg, 0, 1
81dc34473110deb09393d049ab949e11_jpg.rf.ab7fd1b592a750e9a2795ac4fa6792c3.jpg, 1, 0
79bc6bb10771f2c17ddf4901a832a55a_jpg.rf.ab3ecefe3271d24ff7624a5cbaaf87cf.jpg, 1, 0
896e76ed0e0923371e8d84f2fe3f7efb_jpg.rf.ab90bf852634b29c26d3936926086150.jpg, 1, 0
deepfake-src_19-ref_10_jpg.rf.abadf0f200c8d17b2b0978db4cfdf9ea.jpg, 0, 1
95701ef5f8ab97fc8604a4a32493b971_jpg.rf.a5b281bfbe1dde7ad2136123c419ddd2.jpg, 0, 1
8f18a0cae2a178783cd8b520e97d84c4_jpg.rf.ab95ba0fbbec97aa95fd3b1e3602f848.jpg, 0, 1
20d558cfd6084bf97b0f75632734cf55_jpg.rf.ace1845e9d3a4309b5fd9a0d4e49a06d.jpg, 0, 1
54c3fcb1a54ea9fc877acb19992dcd19_jpg.rf.ac206ac054187b07b909ef6babb9ce7e.jpg, 1, 0
4622d74a9032b79916bf95424213532a_jpg.rf.acfb63cf1d6e2520f61759aabe8fcd33.jpg, 1, 0
flipped_0a0905699d309e9cded6bf01fd1d5b93_jpg.rf.abbf9040e37011924f5791e85e0e2d70.jpg, 1, 0
d33e57b68773a2a048c47b7257a3e4b6_jpg.rf.aca1bf788a2e0223643603a7a55b7fc1.jpg, 0, 1
bd96065cea98738fcb61162aec7e24c5_jpg.rf.ab560975fbd2737fe838de40cf4c302c.jpg, 0, 1
0ef176bc35197a7cb026c02b11e9b72d_jpg.rf.aa822c91ee80eecc26d7074908b97771.jpg, 1, 0
c94437b14544fbe8773ef74e6e07ca61_jpg.rf.aba114231166d8bbfdba9d1f54541310.jpg, 0, 1
45ffbc1b0b6fa4139db3d75a9b09d20c_jpg.rf.aac5eccb3428ca66d0346a30ce3291df.jpg, 0, 1
939ce922e6722445dcd7e2d2edbacce9_jpg.rf.abbca2f4d9df0beb5f43524d583796a1.jpg, 1, 0
deepfake-src_32-ref_104_jpg.rf.acd0847753570fc9f4ce2937374a5d37.jpg, 0, 1
489b7384f582c963d698e052fc7f4b6c_jpg.rf.abe2f45171aa41cca5900e39d03ce5a4.jpg, 1, 0
6c114a0d749fb49d153a3a4bf1710335_jpg.rf.abc479aca7179bf0797431a9ad8976ff.jpg, 1, 0
flipped_5d825fb3419ec907d7eb9ba6e5e77bfb_jpg.rf.ad0e5b8b8b163d276790ee0e92660b96.jpg, 1, 0
c25069743229f67f47967cc33db0934b_jpg.rf.acfc2c64d8e47f697617eb383a8ac216.jpg, 0, 1
2244d770e2a0b6d0e650439da9bccaf4_jpg.rf.ad592012c280d4fa12654d9222715c91.jpg, 1, 0
75c838a687cc5708f097904e7558d918_jpg.rf.ad31bdf8a884e13e54d79e1ed377353e.jpg, 0, 1
c9b161ef3d75cd051dc30baeb40108f1_jpg.rf.ad55aafde5119aced15044f2079c09a9.jpg, 0, 1
4aa059d04f2a51cb23e57b4070b63d52_jpg.rf.ad54f6ad839383a4e354fed845a58c32.jpg, 1, 0
flipped_1da942177d471e34d16153b1915bad12_jpg.rf.ad50da338ec4f79a036209a468091796.jpg, 1, 0
deepfake-src_13-ref_47_jpg.rf.ae72e3ea1f99c46f2da285fab20d3b2e.jpg, 0, 1
83de6467ed0095805b88d19658480673_jpg.rf.ae2df51e86f7b548dc3af21eb153bfb3.jpg, 0, 1
0b311a8355ba5302b2c3406b2ffc46ac_jpg.rf.ad67bf301ea93eadb342f210d175b11c.jpg, 0, 1
c7c74c5555eacf1189bf19790a533a11_jpg.rf.ae76e41846bc3869fa0c8af644363d70.jpg, 0, 1
3ad8052f325541ae4f9a415c08165dd3_jpg.rf.adaddd6b8fa5dd2853a3d2f57d80828e.jpg, 0, 1
07612c3c5c3573932f0957508be728fd_jpg.rf.ae2d92ada78023dfe0865cd794cb318d.jpg, 1, 0
9fdc85212c95e066140c9a281f081bf9_jpg.rf.adaae56d0601566373cc4caf476f30d8.jpg, 0, 1
91b0942201e6369db8b4537b1b2b5d61_jpg.rf.af7d272ae612264674dc1be3651a6e25.jpg, 1, 0
deepfake-src_16-ref_55_jpg.rf.b0444718a1f740e692fecd4412f5f8c7.jpg, 0, 1
e23bfc9c17bbcef65730120f9ed3e2c6_jpg.rf.ae5dd39720c7f4b5cb3a7e555c6442f2.jpg, 0, 1
deepfake-src_9-ref_67_jpg.rf.b023813a56fa0d58c3ae1c5c093b30e2.jpg, 0, 1
flipped_02d2fac7f99c95fa8f2064f39d5e815b_jpg.rf.b06c67a472e49b038c4344e3e22b17d9.jpg, 1, 0
6dfe199e354fe12d4dffabd885926ff9_jpg.rf.ade3a4659a41bacb00d5df8b90e9c7bd.jpg, 1, 0
c38a0a2c70d609268c64a5d686a0a052_jpg.rf.aff1c3e86fa42e99ea9bf911d584c08f.jpg, 0, 1
8e8a1889d78e10f1f46b03fa1526f2af_jpg.rf.b19d106bb12afdd3440d873e8d00c859.jpg, 0, 1
c929e2fe7072eb889b8b8cf628b35f48_jpg.rf.b180cd6d7af08a7f2b75749267648655.jpg, 0, 1
13029625e1df71b742e17bdb9b3138a5_jpg.rf.b00de68b5a26a97c6b144e09027a23d5.jpg, 0, 1
0a762f9bf775e97cd2c5e90ce60b7f24_jpg.rf.b01a4972fa1bd721687d1bfe839430ff.jpg, 0, 1
df65833442532ae5881bdd601730cbaa_jpg.rf.b08f5d9f48de7da3a6cdc462d1d9fd4c.jpg, 0, 1
c0fd1b999de29e4ed506bce6ebe2b793_jpg.rf.b166866477affcb7b9f24ef381ac2d18.jpg, 0, 1
flipped_0e0e5a492a55b3d763ccc0e88c82f668_jpg.rf.af30857903565c6f11b49dcca2ad2e74.jpg, 1, 0
6998c34e66ee7d813ff784fbbd28c5f6_jpg.rf.b185ce8f82d1985fc2432bbcb777ee48.jpg, 1, 0
flipped_9a0bf85e848f1d3716608848f9b0e204_jpg.rf.b0fa9122a31973c50d3e0a7f8b0ae1ab.jpg, 1, 0
1aec32be96214fb031508d4a422a28a4_jpg.rf.b153a6579c74e9f7d9fcc8a0d1235f51.jpg, 0, 1
flipped_6aee08b8ed07578b4735cae8da54b9f6_jpg.rf.b0937c73f2379dad591500dd1a0e9e1c.jpg, 1, 0
0fd18e4c7b6e5702266072fbcabcff01_jpg.rf.b1a236f8c5a917ac2df825f46bb00321.jpg, 0, 1
flipped_2a407dcc7be0e9c7e63c165a7934b078_jpg.rf.b2052263ca33e1b3ff8c0a935419cdbb.jpg, 1, 0
cb1796361aff37efc093a7a5b1bab2b5_jpg.rf.b208cfa552fba5fe09a920e086ade284.jpg, 0, 1
8364781ae0184552ea02b04799fbcaca_jpg.rf.b205e48de71a00ff6147f6ed074847b5.jpg, 0, 1
243f4579f600aedb467e81b305ca6a82_jpg.rf.b263b031b5e0a6765166cefeb7ab536f.jpg, 1, 0
flipped_2c3885fef267562febce00d044c9b6e2_jpg.rf.b261e9585d14b34925c64cb310b6ec09.jpg, 1, 0
0cc38d461815a15945f44ab68bab4e2b_jpg.rf.b2815847b27a6f6c97209da7ff290c9a.jpg, 0, 1
76f3855a9e5583223831b1da61e017ed_jpg.rf.b214d95dd37b0eb72b986659a74a4bf9.jpg, 1, 0
84ac19bc5aa17b0e19d15c9b6d129b69_jpg.rf.b30ac50ed83100142013002f0a5358ac.jpg, 1, 0
5e76fb79ddc05dbfa2f3a57542192fda_jpg.rf.b214f932422842355723f1e20641ca4d.jpg, 1, 0
deepfake-src_26-ref_117_jpg.rf.b373a165a88e3cf6665c6fdea3477c9f.jpg, 0, 1
bef60cb50ab5eea8025bad052b142160_jpg.rf.b325920c121af32052ddfd10f74f004d.jpg, 0, 1
9d253a91ffd56726f63fa8ce0242517e_jpg.rf.b4759a084cc526c1951536dafa076b85.jpg, 0, 1
dd8d8942f792bd99c7e134cd1e94f558_jpg.rf.b449b47e8d289e24a65d2d0bff70757d.jpg, 0, 1
deepfake-src_4-ref_123_jpg.rf.b318e1a1b658ab075c25546ddf46c548.jpg, 0, 1
0899ef2bb01e1c139c3523c91510dfa2_jpg.rf.b28d5472aa6323c80d0204a414b97153.jpg, 1, 0
6d7b6e2f0fed76e081353fbe393a63dc_jpg.rf.b3d023a8714cdb673666c7b4dc8296db.jpg, 1, 0
9c5e40d558ed557c78c19714cd0ca702_jpg.rf.b3efa7ecede87f8f02936452bfa0f6ff.jpg, 1, 0
5bc3597d7440e1aa2ce8d1758a5fc012_jpg.rf.b436b5ffcc08b6076cb5b572f1397547.jpg, 0, 1
2b3a8a2ce62e9dd04d2bcc46b8acd03c_jpg.rf.b37a6efcef30afafc725ce4b482047f9.jpg, 0, 1
0ae4fb546808fa2366bfb41bbcb7c841_jpg.rf.b34a5285295cfe5f6589f1feb111558a.jpg, 0, 1
5db94e7b3e0c101665e17e80028326c1_jpg.rf.b3c2fb286a33f91ffe1e1a9445cbb7d2.jpg, 0, 1
flipped_3c7bd22386afa9fca2b1b6bf7b000450_jpg.rf.b4a482695c82b8da183cf8c6516fd694.jpg, 1, 0
deepfake-src_32-ref_139_jpg.rf.b42e45d6ff69b06286257f95dd58a423.jpg, 0, 1
6bcab891f78b004797bf7a92c2e3478f_jpg.rf.b3fbefbe9a131e76d780fdbc38dab957.jpg, 0, 1
deepfake-src_26-ref_71_jpg.rf.b41703a8ca695abea720e4f676c105d2.jpg, 0, 1
29a62f2f3733918855a1effae2d4b66f_jpg.rf.b3d4e882fd2ce330d02f325e4c078899.jpg, 0, 1
e526baf1b5c0ef0e0f54555fa1565ac2_jpg.rf.b56b7cb8f45ed56d48ab8b39ed85531f.jpg, 0, 1
e683b844a89232fa3d7b4b90a1dc1964_jpg.rf.b51aca3cbf40523f4e0279d2bef33380.jpg, 0, 1
9c86a12ffeebdc38e34951dd99517824_jpg.rf.b48de4177a6ff7df6d4052496f5cb486.jpg, 1, 0
91dc2a572a56a81bceb55dec93ef6442_jpg.rf.b506bbea897315d02b784ce44da0e5f8.jpg, 0, 1
08a9e53586b976baccfa9c3da013ba69_jpg.rf.b536e93362ea47d26ceb244795e039c0.jpg, 0, 1
flipped_6b3a195a3680b848e66a6436bd9cd5c7_jpg.rf.b5642fdaaaf3960976728e7b3d3a46d2.jpg, 1, 0
63add570866458fad475b6a162a4c676_jpg.rf.b5fa102a7435d26401d26c7c69771e0b.jpg, 1, 0
deepfake-src_24-ref_29_jpg.rf.b548b2237a4356786635ac8bcd6d63bc.jpg, 0, 1
d038e0b0c5e7a6db3623a90d4a272aee_jpg.rf.b52c00775eabe28202be007790ab93fc.jpg, 0, 1
3bbd955b68def9d368dfa739fdaf5e5c_jpg.rf.b5c6cd72ae57e2e34c82058a0e9db25e.jpg, 1, 0
c2db62322a62e78539cdd3f8963971a3_jpg.rf.b5e8023f847b3dd7e3ea666da9e6b3da.jpg, 0, 1
flipped_2dd4517232aed8756c7c5fb79e4214ac_jpg.rf.b63898e6849acf90357670bd8b09d581.jpg, 1, 0
6e5c259bd30feb6b5578495e6565a686_jpg.rf.b6420339b604486d0bb8ab855fa4a034.jpg, 0, 1
75d2b94d257554d7da4d13431618e457_jpg.rf.b59748d56b84f2409880d098fd72c1d2.jpg, 1, 0
flipped_9a5ddb688ed3419209b767775ff9081b_jpg.rf.b6f1a85de910b6f9eed3a610005e1927.jpg, 1, 0
0a709f2d55c1a8895ed4fc301822daa9_jpg.rf.b5fcb379ee4b07b96c664e78ace06fee.jpg, 0, 1
deepfake-src_30-ref_121_jpg.rf.b69be4784464b4edc0528e92fd0489b7.jpg, 0, 1
7e24656dcbc1430ef6947a0b4586b542_jpg.rf.b705b25ce1433ea6542a9db57aa5350f.jpg, 0, 1
55dae61c16b96f0824e9767c8bb3b890_jpg.rf.b6b7e7badaf1fcc8d7f7034cca978391.jpg, 1, 0
61c3cea2206d6845018fe21679daebbb_jpg.rf.b7611b7d3e2440f66adb34afa5e017ed.jpg, 0, 1
5aafce4758bb2bf59325259116b3ac58_jpg.rf.b6f3956ff465fb958758885fd8104302.jpg, 0, 1
670a7f2650474975ed14ce6276d1695d_jpg.rf.b770e37e1a2f01357400f526aeb569e4.jpg, 1, 0
247758eff6f04f14191df867698e6360_jpg.rf.b84718592013d9d1deb6a787afed2168.jpg, 0, 1
2c9c0f0bf4821855eced068d774ddc71_jpg.rf.b853c5f2fa017df01ec3ee4616905ab9.jpg, 1, 0
3ddd6e44710987dfba943fd995ee7a63_jpg.rf.b71908d85bd2ca7c638f00c7fb4d184f.jpg, 1, 0
3eac71598cfa13ebd23b36f5b22f018d_jpg.rf.b77f870f22339b8a64458ed5d0c2e0e3.jpg, 0, 1
2ab981f4c1a725ae36e00bb12f6e6c37_jpg.rf.b7d8366e0dde2d22999b6dc259759ac3.jpg, 1, 0
6bdbb12c291dfcfb33de532ae261ced9_jpg.rf.b8c52ad19c0953e9378a50cd3a9d6082.jpg, 0, 1
8e6821aff26a1eaa6407e715c1c77f93_jpg.rf.b9148a7d06334dca766a302c261d0209.jpg, 1, 0
2336bf445c327e86fe2a15641b0bc4bb_jpg.rf.b86ed88ea74e657adcc3e62a3d73a35e.jpg, 1, 0
910f2ac6b8fc905387c1a3ff12e3de8f_jpg.rf.b7eefe79f9128f11465c4908977a906e.jpg, 1, 0
dd6db46b3e9d44c674ebe90f682dbb76_jpg.rf.b92912b2974b99d081314d043dd39c34.jpg, 0, 1
c0547f1429f82061ab334be341f5912d_jpg.rf.b8a36c455e546a73b723673f4ff6f885.jpg, 0, 1
4f2c7806ff5f5ddc5ffa44742c91541c_jpg.rf.b72418797a8038e542e4c6efd22154ba.jpg, 0, 1
333d4fda8db2c4598e09d9aa4a8a89cd_jpg.rf.b7a1acb0def4c848a3d8e211a12c543e.jpg, 0, 1
232af7341467efd5b2002f2f54865ac3_jpg.rf.b8dd9900c4420515c24ec4ea22480e85.jpg, 0, 1
0cc0c7a0267300b69bcbe2063ea2af22_jpg.rf.ba776cee61d971c7c8a03c63bdaf8812.jpg, 1, 0
flipped_0f9ed9e810cabcd289ba67fc949b0e45_jpg.rf.b9198cf39214f4bb625144eea02a0202.jpg, 1, 0
145e54434bb84da37fe716db94be3295_jpg.rf.b931c0a6e60a3e89946f3ca32bb6bc7e.jpg, 1, 0
7ce16c041a4f363416a5159ba40c35bb_jpg.rf.baecb18d7c7b83e73962b94ac7f619e8.jpg, 0, 1
deepfake-src_20-ref_40_jpg.rf.babf026ed7c0a03bba1bf380c30d75c4.jpg, 0, 1
37a004a9e9327239d932cbd3f3d6edc8_jpg.rf.bad888531b91411fada794a47663520d.jpg, 1, 0
4190caa54fb7f6a68b2ac3b8ec0c2c1a_jpg.rf.bb0ea39850ab2c7880ff1317e09a10cc.jpg, 1, 0
79e6badd5fed2bfea60c1d82f7247292_jpg.rf.bb2a73ac7b930186aafcd1f19a9a0bd7.jpg, 0, 1
deepfake-src_27-ref_117_jpg.rf.b95895eb2b07e3f72fe56bba7a6bcb5f.jpg, 0, 1
46c3deb7ae917f24bb6b1566e92281e5_jpg.rf.bbdf3e24c31b141e383444b9bd2ddff6.jpg, 0, 1
e5402f0fcacb30b815bf9115f1f73014_jpg.rf.bb302e87c0aa8f9bed85855636a6f035.jpg, 0, 1
70d5c1f078133de8f54114831aea457d_jpg.rf.bb8f80392df7d64fc31e4d0447cf0f1b.jpg, 1, 0
deepfake-src_14-ref_25_jpg.rf.bc555d2286d01e92e241f4fb3b64e457.jpg, 0, 1
9ffe2f1df4ec3323aa851c74bf9e8797_jpg.rf.ba330ffb0552f5989f74adff2aaa347b.jpg, 0, 1
4e3ebaa0d414ffaac6fa4852ac8b1778_jpg.rf.bb8d8db732ac7078aa89abf287cc884d.jpg, 1, 0
1d36f896a9096a70316f84ee57f2189a_jpg.rf.bb28acb724dd1a7788cba1209cb2687e.jpg, 1, 0
flipped_4bd60d3d84b8f274eed863df298fbfc2_jpg.rf.bc6a17c8d0058700b7d1c32853562556.jpg, 1, 0
flipped_5d663e46c77dd837d07e4741518aaee2_jpg.rf.b92d700aa6c90dc01bc896653f1f88f6.jpg, 1, 0
flipped_9da1188c9ccba2e152d2fba3dd5ae695_jpg.rf.b9b4df14946938291761a69dd1ae3d44.jpg, 1, 0
0f6afce99c9fbd547e40d6d0cad62b13_jpg.rf.bcc1968bafec6f9f9033c6bd7f26d9bd.jpg, 1, 0
flipped_2c9c0f0bf4821855eced068d774ddc71_jpg.rf.bbba7cd53e4b4a75d633f95357bd16b7.jpg, 1, 0
73bcaa98d340e73f2f8d1f35781b3e13_jpg.rf.60f1cfa3256bbc373bcd6beaf190e40c.jpg, 0, 1
d304c5f0546280ddb024617372d110ba_jpg.rf.6141bf7888ac66dc383b936257cfdd3c.jpg, 0, 1
20cc603e841bc65a5da7bea6175d195d_jpg.rf.6131130ec98ded45f220b6d45785d45f.jpg, 0, 1
54b403a6c1a8559425ef991d839f7c90_jpg.rf.61b832e90529376350c827c475a98581.jpg, 0, 1
4c1eb6d0949c615825076276b1cc6582_jpg.rf.61826f124a4c91e5b8be03ee7be7de5f.jpg, 1, 0
2ead22afbc33249aec79b589a644e4a1_jpg.rf.6246e7189d082ff029c041f64bf7d7cb.jpg, 1, 0
deepfake-src_4-ref_52_jpg.rf.615876cf14940adadfb2cb891faf80a4.jpg, 0, 1
3811f4489922e3dd46f675d97d8a116a_jpg.rf.61f4306399d9b8aa35f8f3bcdb70f677.jpg, 1, 0
0a453bdc930393c5c78c239dace66eb8_jpg.rf.615f06f6e5a3cefc22763baf380d8894.jpg, 0, 1
1694b0be44aa6ec56073d5c73e0ef484_jpg.rf.62799683d7aeca8dd3d46590abe4cbe7.jpg, 1, 0
0a408f2497ac758aa20e125223c5d413_jpg.rf.621544d160399eb03735b8a2e160791a.jpg, 1, 0
c0ac9ab5db8ced1aa3315bff33c934e0_jpg.rf.60d8ac4346c89f4e1aac3d5a87f8e1f6.jpg, 0, 1
67f9d1b2b1a282f6b94f509317b08c0d_jpg.rf.625d4725b155911b339b22ec9fe94e99.jpg, 1, 0
4f0b1c411dabbcde3f419139dde98685_jpg.rf.609750f4b3393962a8eec2c3f158bd12.jpg, 1, 0
deepfake-src_15-ref_115_jpg.rf.606d5831e53efc35c55894c487d2e981.jpg, 0, 1
76ab67b54dc993d9f1ec6240d25d5679_jpg.rf.62ce16e9feb9957deb91accecbf2661a.jpg, 0, 1
flipped_5e19f5ecc8cdc15f10c4d1f22820e324_jpg.rf.60df752005b5154b784d1c0bd284ce82.jpg, 1, 0
8ad453996382c2d0ee3ef19a892d94de_jpg.rf.632ece1b125ec71dbb93fc329409c9ac.jpg, 1, 0
2d7aeff4a52d2e7665011410d4a0a80e_jpg.rf.626f2fd3ee34bd7bc1cf07b3573af2dc.jpg, 1, 0
flipped_06e50c96f485d695e8ac7e318c65352f_jpg.rf.63352ead5dcd0e5d1576a27a5dc6bd21.jpg, 1, 0
84b0daa6a608cd2f27adcbcd2f9dafcc_jpg.rf.623c023d0ae36ec428bcf0ced1665d6d.jpg, 0, 1
96df9235aae4ac58a6af7f4202f736c7_jpg.rf.6306e06654f6874728f431d6038709d6.jpg, 1, 0
c16fd96d5b3baedaa4d8f446c699a918_jpg.rf.6306ef6dbfbe89de34b9461b41f5ab64.jpg, 0, 1
03ac0600c3535a2e5facc59768959152_jpg.rf.63186f291aa7ac5482397c62e32689ad.jpg, 0, 1
73ad0ba559959d40303c15de5fafc169_jpg.rf.60cbe8f34dea233b29c9a83c8aa70176.jpg, 0, 1
deepfake-src_22-ref_89_jpg.rf.6361573463b5846b18ddd08e6bda79ac.jpg, 0, 1
00a98de28599b073ad3f4a72302bda18_jpg.rf.64eaf1bf23579fee0f49ffa446ba5ff3.jpg, 0, 1
3e29e834a446df9fd16305be2dd39e12_jpg.rf.63a0898c2e9ec3758e2ecf5e4e609c75.jpg, 1, 0
9ec4125300f78935dee8e383a7cefee7_jpg.rf.63aa81470c560b0ed8801124d368807b.jpg, 0, 1
3b764d76e9960a46847b0843faba0051_jpg.rf.63963d226904185068ca8325764d26ae.jpg, 0, 1
67ed61770e9ddf794cb5d1d19b7e6fc2_jpg.rf.6441d626f055c9e3a728d361ad9c0ca0.jpg, 0, 1
07faf2ea0ffdc92cf9ee34bb7fb37d54_jpg.rf.656e55dcf4072af49847341723cf5a91.jpg, 0, 1
deepfake-src_23-ref_148_jpg.rf.644c6d29f17fe8f579d802fb5a4817be.jpg, 0, 1
158a0a111e9d30da5726ea045a24d897_jpg.rf.657904362ab58a84f6e4ad767f8cb8bd.jpg, 0, 1
deepfake-src_27-ref_87_jpg.rf.64dbaa6c7a4ccf9172591c61913ef5a4.jpg, 0, 1
1d1fe24372c8c9be52977f6ca031623e_jpg.rf.659f09c641a4c778bc7dd7a457c891bb.jpg, 0, 1
d64301e174c2ea07c2ea4404e965bf28_jpg.rf.6506fcc24e8806c5514e7a190ba7602a.jpg, 0, 1
c56416954b7119f388fed180a5bff653_jpg.rf.64d3dbc8c4bee56c343b4b5dfbfa0078.jpg, 0, 1
02b3c5e33b27efca4c2a428ddc2eeda3_jpg.rf.65992d20ae967fb72e3d7b854717c853.jpg, 1, 0
flipped_8a98aba4505ad5320fdaa96a0d03a791_jpg.rf.660815129f5b0ff0bfadb3ad9bc41e06.jpg, 1, 0
265b5291c795ecba69509398e1e02042_jpg.rf.6521766f830520e67cdf8daa5a75270e.jpg, 1, 0
087b60959c4c350659bc1d88bc25acc4_jpg.rf.64210463740c4e9391fbd09390a370a4.jpg, 1, 0
7cb7849b41753aa04d1e1f93bbff9f38_jpg.rf.6696bbc3e5fed6f7c007f5496d0096b5.jpg, 0, 1
flipped_6ea8f23e5a064dcaf81cda412622bdbf_jpg.rf.66baaab8db5dc09289c622c18bc30437.jpg, 1, 0
deepfake-src_26-ref_82_jpg.rf.659cdb943a1722a98c216144707f1ca2.jpg, 0, 1
beb5860b57809c1544f7c9ffd6ff00fa_jpg.rf.6672e18892e4ae6acd8be5c74974c631.jpg, 0, 1
bd6bf1236f2aff7d373d5d150fff8e91_jpg.rf.65ace6001d2cde47154c7c55f65bf372.jpg, 0, 1
1e08e7bc1474d22c25bda749d596361d_jpg.rf.664ebcc947c4322ed8d230b3e8e4d469.jpg, 1, 0
982e1a96d01623365821334678997051_jpg.rf.6465cbf2d94662c1d73488fdb0da69d8.jpg, 1, 0
d42b4ad305244507fea94ded5906fa7e_jpg.rf.637e0b258f58f48357d013d510de5e5e.jpg, 0, 1
deepfake-src_29-ref_63_jpg.rf.6766b27bfe114928d44b321791e001db.jpg, 0, 1
5fd1455355397a24d79fc12cf421465d_jpg.rf.6757821a43415cdd4bba410d6bd73065.jpg, 1, 0
6ce3403bda902cf0c99e0b0dc28afbf1_jpg.rf.6792320ad389844adc5d7ad5c0d0a62e.jpg, 0, 1
becb81a809268f2504b84bfc2a15b2e7_jpg.rf.675c8cc77af9bed544315864dbebf199.jpg, 0, 1
da24a358bb4be96b7d4c6c7d30e7efc9_jpg.rf.66dd2b96ae150a160413d61e14d7c285.jpg, 0, 1
c340ca2dad06990b32b4d323fd69ff39_jpg.rf.6a16ef186c926e59928b23012b954d95.jpg, 0, 1
deepfake-src_4-ref_71_jpg.rf.67975ab34480f555917f1e31edc32307.jpg, 0, 1
8e0726b6ab3c27a45b522302a09b5228_jpg.rf.68969f0d6aa9c606b5244f90344c2442.jpg, 1, 0
2f3e88c3b15af183b2988728c7cf8d21_jpg.rf.6895e2d40493143cad69bda1619b5b26.jpg, 0, 1
flipped_8ad453996382c2d0ee3ef19a892d94de_jpg.rf.68b6d6e6715d49b18ed63820521733c1.jpg, 1, 0
83cdb6b8dbbe58cf187c97213c7d5530_jpg.rf.68ac9de629b0757f75eb898166623003.jpg, 0, 1
flipped_7f950ec1bea599c981d89d977db34e01_jpg.rf.6a34bbaf19624c4370d9e56e7390f044.jpg, 1, 0
7d5133fae61073101f722bf4b2b2500d_jpg.rf.6852655ec0614e42eeb892a5d38313ba.jpg, 1, 0
55f08b737293d00f2bfde28f07a2f9a7_jpg.rf.698c15c6b3a77163686b8e31c9c34622.jpg, 1, 0
flipped_2d7aeff4a52d2e7665011410d4a0a80e_jpg.rf.6aabb0553ec5eb7d98dc4723e1296fff.jpg, 1, 0
flipped_7ae36ce4c7bdc50f0ddaf8e921845792_jpg.rf.6a419aae82ad6ced436a4e36cf959893.jpg, 1, 0
5e2ec90f1ff319a421b506c4bd2a090b_jpg.rf.69791247e862b89403992ffa9aad8134.jpg, 1, 0
bdd28580b93acb0fafce46f8465ef382_jpg.rf.68639cc2dff37452c6e9d74165519d55.jpg, 0, 1
77c6fd0b2d5ff0ec740b952fcc09798b_jpg.rf.6afe7d8e99deb8717b8ed66b340adf06.jpg, 0, 1
9d3b8a6b1e342f23042df3b280d63a8a_jpg.rf.676c76c0e6e92d8a35c7b865dce14324.jpg, 0, 1
flipped_0e684be4aac6f4dec9f950c9eecb4fdd_jpg.rf.6a94038ad804c8981deb334a338ed935.jpg, 1, 0
flipped_1be5969996f1d9aeb27fe02d526e0107_jpg.rf.6a3aaf24e6591e4ad4b3699f7be417dc.jpg, 1, 0
3a4b3e10051f7eb71a6c5aa5ce3908ca_jpg.rf.6b3d7b6309cd721fdab2f36a82b71ec7.jpg, 0, 1
deepfake-src_6-ref_77_jpg.rf.68e2527ef38b0cb4ca35d717f0ec6354.jpg, 0, 1
deepfake-src_12-ref_98_jpg.rf.6b91995ca7e07cbc07c64bf232682bf2.jpg, 0, 1
d9ed1cb036a91cb2e8f05be3fe7fffbb_jpg.rf.6c7a05f76966c6b8a918b01cef18811d.jpg, 0, 1
19edbd1d5626b22a2d48d7733a34edb4_jpg.rf.6c80c53f8b8db7316eb7a5a02295b936.jpg, 0, 1
40f71b9aa480644c141a87215accfc50_jpg.rf.6be2439e121c0da41e2690a17943ac5a.jpg, 1, 0
deepfake-src_27-ref_13_jpg.rf.6c2eeed3684458baf343f2febb08282a.jpg, 0, 1
deepfake-src_7-ref_34_jpg.rf.6c62e38f0ee39fa30b73d4a78e186586.jpg, 0, 1
deepfake-src_29-ref_17_jpg.rf.6c149120268ae340aa24527f8217cd49.jpg, 0, 1
flipped_8e67c281e61318164cdb52a4b67a41e9_jpg.rf.6cbb1d0338f97dd689ac592659139b14.jpg, 1, 0
176638be49ddab0e326a1add20da92bf_jpg.rf.6d1e06ba27e9a6131c46c57ec144fe96.jpg, 0, 1
6e2bf5179c5dff9083dd256f75a9bb8b_jpg.rf.6cf2fe73f74c881a008bd64972a37fb1.jpg, 1, 0
c3abfc79f2e7d676d58408e54428d6c4_jpg.rf.6d74979526d7d91c4c5c6b33ee8397a4.jpg, 0, 1
flipped_0cc0dc8e7ce509b58f812b6439258efa_jpg.rf.6d41a0cfb84e2ddca9b6b1a822078709.jpg, 1, 0
0d3fc91761f609c7a8a26dc05039fb88_jpg.rf.6bb6b8814c311374f9a1f326dfd98c80.jpg, 0, 1
7ae36ce4c7bdc50f0ddaf8e921845792_jpg.rf.6d6d211bbbf2f4965bec61eb951204e1.jpg, 1, 0
deepfake-src_9-ref_139_jpg.rf.6e2cd1e2b99084d2f3af97f0d0147552.jpg, 0, 1
flipped_3a32cd851e0d1f54400450d1ccee36d0_jpg.rf.6da24b66a5a50556cfeb4399ba538e5e.jpg, 1, 0
60d5bd3b25e9aec10b87c8f0d7a0f316_jpg.rf.6da381b31c060fe9ff22373f27a9d719.jpg, 1, 0
066c1b0773e2a4708c8ddabd31070fd3_jpg.rf.6d155b3f06f3031a3df66e1f3d29651e.jpg, 1, 0
deepfake-src_24-ref_2_jpg.rf.6eff3e011427e38cf6768251d951f8cb.jpg, 0, 1
deepfake-src_3-ref_8_jpg.rf.702a78a59fa6fcb5fd9c2b96c4b20886.jpg, 0, 1
2afc65d615c2b1282d1052ff4556f4ca_jpg.rf.6fb8b1fb01d094feb8681aabc31ca0ac.jpg, 0, 1
313d5fd0c39fa2ec9a78163da4ed2664_jpg.rf.6fd1bd258429b13136380dabd4be080a.jpg, 0, 1
271c278bde012cb06dd04b8be6a97fed_jpg.rf.70068c7a2514843f77ce29c7b32a9bd1.jpg, 1, 0
dbe727bf6e38d68d797b76d51f99a2b0_jpg.rf.6eb22c4515998694002f5f24d738fc64.jpg, 0, 1
e43cb5df7fe72548486b5213493a6338_jpg.rf.7004cb24a327002ede7aaec35fb1a2d2.jpg, 0, 1
159b09e339d8ed0c48bfd76e9714ad60_jpg.rf.6fba98dc3f9468911bfed3d4847d2f57.jpg, 0, 1
dd71859349abfc9de9face3f5e5d7b5d_jpg.rf.6dffec096d8c26f993050535ada1b7c9.jpg, 0, 1
9c5895345340e2369b35e2f471e37492_jpg.rf.70aeb42c67da84d4260c47e41aa1fec3.jpg, 0, 1
2fd36e6fd7ca41839edf6c621922cd0f_jpg.rf.70ec4fdb85ecd7ef966f9f737e4f470c.jpg, 0, 1
74d6f4a79b96c98b17ee3af68257ca06_jpg.rf.6e8db0d6e5f521eb26fd7b23a34126fa.jpg, 0, 1
10f49530118261cce82201e0c6abd2bd_jpg.rf.6f310d6c4c2e4e6c29a93e1c7d5cd5eb.jpg, 1, 0
deepfake-src_23-ref_80_jpg.rf.7117c6831126f236bd6c700153b58189.jpg, 0, 1
deepfake-src_30-ref_1_jpg.rf.6fcb0a96fdfa638e56930a38a55e26ef.jpg, 0, 1
deepfake-src_18-ref_27_jpg.rf.7034df483a58981a2bf3a4914b3e6e15.jpg, 1, 0
flipped_4d92f765e748ca0bc10b5ecc6d0efcf0_jpg.rf.6ec8aa40c57925c09c1006560ac5176e.jpg, 1, 0
deepfake-src_23-ref_96_jpg.rf.7153f7247f81bde58833a860f8da34a2.jpg, 0, 1
93a917de181985f947290b76f3ed71d7_jpg.rf.711c17cbf6db910afef6145ddcb1f224.jpg, 0, 1
deepfake-src_28-ref_23_jpg.rf.714335287d171b02a695d57fd8a295c3.jpg, 0, 1
03a8af84258c61d40e1de5bf0ac915b4_jpg.rf.711a0ec733d9f495e98c8bee871b7d73.jpg, 1, 0
c80c62fcda2e706b761dddea885bad67_jpg.rf.717ec89fbc16c9be5045d513e53e7d57.jpg, 0, 1
6a8564499aa2f943b05becc8ef555312_jpg.rf.7164b76bcfd09b7c2672161645918f71.jpg, 0, 1
9dad7ad9e4e731c4bb0dbaff1c6df35f_jpg.rf.7158bcfefc3efb5bffdd8dce0cb6b1c1.jpg, 0, 1
04acdd830785514da2b6b15ed88cada1_jpg.rf.71ebd88ea5d94062605931979ddb67c4.jpg, 1, 0
deepfake-src_25-ref_1_jpg.rf.724deeebc9aed31ad47457f5a01aa46f.jpg, 0, 1
265f1c77f691b4f097aed46c06d292d6_jpg.rf.719db3cd404e25568d3100c3309330c0.jpg, 1, 0
ea15a4aad297b82482c4e3baa6a5b663_jpg.rf.725564234b89f0c5e6a5920ba86e19b6.jpg, 1, 0
flipped_5baa7fd088b93241702dd0bcc2cce9b4_jpg.rf.7269cc1558c35d6230caedbbb289996e.jpg, 1, 0
33e027e4519d20fd9fc2847a6c11e8ad_jpg.rf.73e7413e57e143faf405c0b13cfb1c1b.jpg, 1, 0
df0a724e5b6861322c9a9a3792a56747_jpg.rf.731012a43d90d5b6101d1ed3dd61ba7a.jpg, 0, 1
193c1fd6dc9d1181e6f0ebea2a57f9ab_jpg.rf.7286aa26cbd0152bbce5fcb2f5aaa514.jpg, 0, 1
51c25e5829ce0eecbb61fa2f19c9ff4c_jpg.rf.7342d7b0d275ac3d2ec2cca1a865e058.jpg, 0, 1
7d631360479f4a1a4e3ee197554128e0_jpg.rf.73c0deb9ea505ac0c225c12c7c1425eb.jpg, 0, 1
0a895c5950eaffcdb2bc1394d31fefd6_jpg.rf.733c3ab2e18237de3ea992e798176347.jpg, 0, 1
cc763462bdbbf4bb598cfa90d3d97239_jpg.rf.74b97ef4142ecd5dcc0199553f6e0927.jpg, 0, 1
c2a09277086d019fe7280fed7262482b_jpg.rf.746c20f680425980801fa021b7c47ad7.jpg, 1, 0
599b9ccdcc786ea4faffc19941d491e5_jpg.rf.75291c4eec0c97490946365abbbe9054.jpg, 1, 0
81902609ff888e0239d2c20f7059243d_jpg.rf.746cac65ed4c4ee09ba93efea1ab8fac.jpg, 0, 1
81abd791eb711deb035d2bd71172b31a_jpg.rf.72acee4a667adfe65f49f22cc4285bd4.jpg, 1, 0
2b544d1e96d4a8fe3fa26bea0cb0a3e1_jpg.rf.762481d12d329c2db35ee6165655f131.jpg, 1, 0
47fd40444fc75f6da1f49101bbec7254_jpg.rf.7476143c4578e4286e5b4b485d17b332.jpg, 0, 1
7bf9c6e96a2290d388143e86bffddc78_jpg.rf.73c2dc1de88ee3b89e564784c58cc5e7.jpg, 1, 0
84ec10b72a2d38e65f059f31097c3adc_jpg.rf.76538381611049be96afa8664e068b5a.jpg, 1, 0
deepfake-src_30-ref_149_jpg.rf.76909d477c6a7edd5ad5dff4c94c31b9.jpg, 0, 1
7adcaa334356c3829eb599f4ae228ffa_jpg.rf.7622e0c9707af05bf2551a5fe2c8cce1.jpg, 1, 0
deepfake-src_15-ref_50_jpg.rf.756b00b68542e5c35cd3ef23e397ed3b.jpg, 0, 1
deepfake-src_34-ref_95_jpg.rf.760a6daefa8e086ec04e0414faef78e8.jpg, 0, 1
5e1f2874715212278e52a4127df9f1af_jpg.rf.763a51a54a58e51565e0172a33fe8143.jpg, 0, 1
deepfake-src_20-ref_0_jpg.rf.74d4fb5f66d3855a6893ce38d7451bf1.jpg, 0, 1
973e7d49613f01e1ac4b84c8476614b1_jpg.rf.7543e67ece05fe36be39a1a63bccd5a9.jpg, 1, 0
4d382af55679f6bfaaf16f054aa0ad1b_jpg.rf.76130ae02d796718672609ba5259e665.jpg, 0, 1
952ceadbf897e83c31c1deafeb55d313_jpg.rf.76ce26a5ff5136fede7d5221d4a3b3ea.jpg, 1, 0
flipped_5a98574a1f0ba6906b0b10b20d10ae39_jpg.rf.7694f857e22423114be89e142b31e405.jpg, 1, 0
1de88edebdf191c1a162f10dc19103c0_jpg.rf.772fa3dbc8e80637860002cadd653781.jpg, 1, 0
d2ba2e9560f28a6000853740eb760409_jpg.rf.774731cb88b203e34ce6b8c467d91a55.jpg, 0, 1
27d4aa216dfab2abe979fdd6337f5a98_jpg.rf.774bcdc5847652a5ee518e14bbeaf5cd.jpg, 0, 1
flipped_2c0e9266209bc1f8c3c08546e9648ae8_jpg.rf.7762fb0b71ce619f65c3a03f1e9d4591.jpg, 1, 0
5d78e091db50beda957acefcc15f1cba_jpg.rf.7756636c838f3a3dd23bda7a7d586d55.jpg, 1, 0
dc1333c097a074a2b9893a87a6ad2a6b_jpg.rf.779237c11afea80e95d824403e89b649.jpg, 0, 1
deepfake-src_10-ref_64_jpg.rf.776cf8e55c39d8f1f09b0fce0095f12f.jpg, 1, 0
deepfake-src_19-ref_43_jpg.rf.78a2fc909c837b4dcab8125507c2b9f5.jpg, 0, 1
0b7fe6338864dc13b5fbfb769fe840d8_jpg.rf.77c50e72b4985a1ffde70b20c42ac783.jpg, 0, 1
0a612ac957763dc8883f07ddcf39a844_jpg.rf.77dcc032fc6a57a4e0378e2cc20677eb.jpg, 0, 1
87c668dfc0e060d852f5a9bebd40f248_jpg.rf.7825763955f156287f9efa35acf014c2.jpg, 0, 1
2cf827aefa88ff516949d4ffeedeff19_jpg.rf.79f08eb174a562a915a4b2f3b37fb6cb.jpg, 0, 1
d80bcd20c972330b1483ad7df95fea50_jpg.rf.79229cb41c7b5dfde7329093fa749f68.jpg, 0, 1
deepfake-src_10-ref_107_jpg.rf.7ad1a2b11051f6b31b51b5abc53909df.jpg, 1, 0
0a0987c86ec0865858c46beb8a753568_jpg.rf.79c8c591feb0fe117bcd9cd33bf31d5e.jpg, 1, 0
0a1592bdd5340ff626f77e823249d4fb_jpg.rf.79dfb0273e0235fd39c5bb67affb9872.jpg, 0, 1
3d922d30fd9cb947903994687112eb52_jpg.rf.78d0afa5826c188c7957ebe05358c58d.jpg, 0, 1
flipped_8b3c483dc9b608f961f330cfba5d2cac_jpg.rf.7ab26048b7bbbf0598fc9d143cea7890.jpg, 1, 0
flipped_04acdd830785514da2b6b15ed88cada1_jpg.rf.781df1e3acf3d4e146699193a14ca3e4.jpg, 1, 0
deepfake-src_25-ref_122_jpg.rf.78180c39cb554561ba42e80b1f983637.jpg, 0, 1
41ec1b5372483959b19f4fa25ddfe96e_jpg.rf.79885326c5ff0b0dffad200edd83eb01.jpg, 0, 1
3f4a3a649958dcd21df09c050af46cbc_jpg.rf.7c14c4c8084dfffe86eb0317a87ff3e2.jpg, 0, 1
7dd9214308b82b567c9e03265aeb9352_jpg.rf.7c2165a27eaacf5fa745377b8a8085be.jpg, 0, 1
7a4c9ab64ac0c24d2212049d74b8c059_jpg.rf.7c2f594eab2a9e767c12617ebb4e76ff.jpg, 1, 0
015b5c16caf8919180e7cad7b6929654_jpg.rf.7bd1200c7f6de369d9ec6817c9f27a28.jpg, 1, 0
flipped_10e0d9915e1dfa423a5133e791a24cb9_jpg.rf.7b3356757b48638329724945e0d170bb.jpg, 1, 0
deepfake-src_21-ref_140_jpg.rf.77e42fb7062aa57aac0a176d699770df.jpg, 0, 1
4855a8149df5f4f00e5fab82cf80f5c0_jpg.rf.7c3effec9430f1712cf451929de0bcd8.jpg, 1, 0
c0ab4858e8d9e5cb402a657df28c78ac_jpg.rf.789bc1763f3e4e8b9f871bba58d768d9.jpg, 0, 1
3cca0ed3c8b601f01571e052aa14e7c8_jpg.rf.7a2f2d9028d5858c358e906eeab51e30.jpg, 1, 0
2d2d949289ce8c3c86f556cac45839de_jpg.rf.7ca5676bb6ec00673bee5e51fbab16d9.jpg, 1, 0
567c8c5477b6fb95909b0c4ea67e53f6_jpg.rf.7d01018784d54c45dc0b08dc959e75ee.jpg, 1, 0
5baa7fd088b93241702dd0bcc2cce9b4_jpg.rf.7cc26ca602face8c02aab78d77b7ad6f.jpg, 1, 0
2d920b9c284d8489c1564652448c4586_jpg.rf.7d6118cff26a3ae37740191890d832b8.jpg, 0, 1
17e1b5e3129eae9cf0b963eed617dd8e_jpg.rf.7d442865c6fc62c1bf7550446958de76.jpg, 0, 1
0a983111a9af44c2e0f9638d944bfe12_jpg.rf.7d67c6a9ec2d96df5edf043aafe31b10.jpg, 1, 0
deepfake-src_11-ref_127_jpg.rf.7d9bbaf1937cf2df1c24c29d84a8e86f.jpg, 0, 1
54aa56467114aaa0819bc8e73155c898_jpg.rf.7e4ea517a194786c58a50c86df36804b.jpg, 1, 0
0a956a7c3771c289b03837ee0b7bb537_jpg.rf.7dc5c622cf3e9efaabde996ca398235c.jpg, 0, 1
2f55168cc67e4b3560a8dae8f924d043_jpg.rf.7f2157491b2751fcda3307bb8ffd82ae.jpg, 0, 1
031e27bff144db4eee1f9896eb2a0679_jpg.rf.7ef4e18b6621dd21499ca9a14fa4c9f9.jpg, 0, 1
deepfake-src_21-ref_141_jpg.rf.7ddfb4df1537d30779c22d38259a4685.jpg, 0, 1
581a7462fed12d18a30567b673ed7618_jpg.rf.7e0662c068d4e7b8191c4f154d839482.jpg, 1, 0
9a908fcaa9e5d897094678d0bf5cded1_jpg.rf.7d7955de518bee5f78aca67409781897.jpg, 0, 1
8d5afd45745654fceee69eb862648741_jpg.rf.7fe5303c7eab09c6a400f8ec52cad28c.jpg, 0, 1
3d56c69e66cf9accf2646747b9515284_jpg.rf.7e5f79fb4c4fed560fde2846c6a15bb0.jpg, 1, 0
c9709afe0aa4cec97470f02ca3692a4d_jpg.rf.7eeece6d15e1a105041730da2d9c9615.jpg, 0, 1
flipped_6fbcd5c4f513b8077947e4a38b0af882_jpg.rf.7dd6a201d3322636ff1667e92931b728.jpg, 1, 0
flipped_4a161d0853e68759599fb3ce2832ef99_jpg.rf.7efd9d00f5cf943ad33dae7709e2bb45.jpg, 1, 0
9f416a4427603fadf656cfc61e001a86_jpg.rf.7fb2e8a889fdd5f6a84e2734308fa91b.jpg, 0, 1
6062a34bd364a5715507f144ea064b05_jpg.rf.7f1672d0e013edf77186f106743c4bfd.jpg, 1, 0
deepfake-src_27-ref_89_jpg.rf.7fb59ad9f934f505a18d8ed303694e16.jpg, 0, 1
58b6bd45ce3df62772925f99402b62e8_jpg.rf.80295f7dbe4cf2e5aa9b674bb0ee871d.jpg, 1, 0
deepfake-src_8-ref_101_jpg.rf.80125153af8e5e5c56b71df60dea5e42.jpg, 0, 1
3a87cb098e7e3c19a44a15f16dd3e177_jpg.rf.8000cd85a86f25c0554539d38f312c98.jpg, 0, 1
2ebab3617406683cefc57017340e75de_jpg.rf.7ffb9fb7d43abcb49b09c60d1cdb5906.jpg, 0, 1
85413e2d3b9065f15c874f8430bed90e_jpg.rf.7fa318cb2171ea03253132753efe0348.jpg, 0, 1
01d5c51fdd45ef6d4cc22f3a122ee878_jpg.rf.8103f415e6b4f331e9db12ed2ed76e5b.jpg, 0, 1
685b1da4b4f255d9a4ceff506b9aa754_jpg.rf.7fe2d6589a9eaf10ec2af2cffaa489b5.jpg, 1, 0
78523sadf15dfad132-2006-_jpg.rf.7efe5a6bbe32d4012cd1ebc664422462.jpg, 1, 0
flipped_2b22694ef19aee35a81cfbbaac44bb5e_jpg.rf.811762c880ebed3439179370302fa3e3.jpg, 1, 0
flipped_3d53444dcedbeb3c2bcd378dd6c4d70f_jpg.rf.8089c1deec5cde25ad415c07e88b0176.jpg, 1, 0
5e4cdcb34b13ead210241f62a0c63a68_jpg.rf.8176660278796824d2fa9fc7d18d2636.jpg, 1, 0
1f36eaa4040feb348ae917ede4d77a33_jpg.rf.818f34aad3144c89578e92bfbce383c9.jpg, 0, 1
deepfake-src_5-ref_69_jpg.rf.81a4cc15858e341475015f7906bfaeae.jpg, 0, 1
flipped_7a36899224918b5fb34133389ce97a6e_jpg.rf.8219533ff1731a6e088ba677385bbd5e.jpg, 1, 0
0a2902f2c05b548444844f950ab3de14_jpg.rf.8202d73a4280967a5622b335ada9531b.jpg, 1, 0
flipped_0a2902f2c05b548444844f950ab3de14_jpg.rf.82665822832d27a471bf0b350d10dd0d.jpg, 1, 0
31a2a777badbb753b1d2dc795d808064_jpg.rf.819713e9100fb8e68062bac37defe11d.jpg, 0, 1
d5cd1eb9587e3b99eefc92894417aa2c_jpg.rf.81afde6c845626bd209468311905eec7.jpg, 0, 1
flipped_7adcaa334356c3829eb599f4ae228ffa_jpg.rf.81f99814c6d4e90271c1abb8368bd866.jpg, 1, 0
364ea7c609736103800ebbe0558d25ac_jpg.rf.82ae145d84156909a803f05bda367e08.jpg, 1, 0
627d65f0cba550cd370f1b073e99a3cc_jpg.rf.827c178886aa127934e16c503eacffb7.jpg, 1, 0
4df6bbd9920a877c5d3ddedbfe049f24_jpg.rf.841d1ddd529546d8b63657edf791cf8a.jpg, 0, 1
370c943f47224c35d0fcdfae8fbba799_jpg.rf.84809c633bb9724ea57ae2b2145adfea.jpg, 0, 1
flipped_2ab981f4c1a725ae36e00bb12f6e6c37_jpg.rf.828d78354ad4491651225fc20c45e39f.jpg, 1, 0
deepfake-src_14-ref_111_jpg.rf.82de6f38dbb723bc45c9280b1ff053ee.jpg, 0, 1
37cf40ee72875fb3d461154a45e8d6e8_jpg.rf.841e48fdff5602b290e0df1830211cbd.jpg, 0, 1
2b1d7f528d99f5f88db491633dd95e44_jpg.rf.85efc3e2e635dfe5ed95b1bc08fbcfa6.jpg, 1, 0
1a07848d5087509f3b25b9fff87c7320_jpg.rf.8487d0dce5ba9e5ca9492c75b5c9af7a.jpg, 0, 1
1248e140aedbfcffa3f6c828ff56b749_jpg.rf.85218c0c37425cf8bfe76a9b160d1dbc.jpg, 1, 0
822d0553e16fa1c88dd3c0e933a59742_jpg.rf.83e6f3db752065c8de893908a110204d.jpg, 1, 0
deepfake-src_18-ref_9_jpg.rf.830fe8291d86121280ebdffa22a20589.jpg, 1, 0
flipped_4f0b1c411dabbcde3f419139dde98685_jpg.rf.868e29d4c30223bf42b8062cba2b92ee.jpg, 1, 0
863cfc8185399811206cd620212b2abd_jpg.rf.84c6b971a910363d75352a2db7b5ed89.jpg, 1, 0
deepfake-src_5-ref_51_jpg.rf.85067927e70f47449927209e930d4474.jpg, 0, 1
966ac50b5d3dac648f042065ce1e5914_jpg.rf.85bc005202097ac61af9f59f4ffe97dc.jpg, 1, 0
flipped_0a502a8c9fbea980cf5db14bcdfcea73_jpg.rf.867ccf3f54adce94b8a334326f24e100.jpg, 1, 0
8ecdd0812b7a63020a0d2479fd0c0385_jpg.rf.8238dd6ac6a91143fb9262c4fad6f1bf.jpg, 0, 1
0a905cba004d7c41cc884d09c8008822_jpg.rf.830dc61392d741ffc252e98f560084c2.jpg, 0, 1
6956d75e656425e805ba4645be4b0bc9_jpg.rf.8686d2378e5de2e15656d79584d98eea.jpg, 1, 0
flipped_4ef62d042fb2442164e377cec5791fd9_jpg.rf.8877f789d3ce26815e31086d29c67317.jpg, 1, 0
deepfake-src_3-ref_24_jpg.rf.86e10be0ce897d3ae81214d7dd4125f8.jpg, 0, 1
deepfake-src_24-ref_5_jpg.rf.87155b78f48756e3c63d9fafaaaf0273.jpg, 0, 1
d0fcae637435615babb7966bcf2cb29c_jpg.rf.87f45cda8f2b5dc553bb8083923e4d14.jpg, 0, 1
dafc6fb064a49bfd93d056e3a0836cd1_jpg.rf.884a368df7a186305a84fa5da66dad1a.jpg, 0, 1
0a398e7d353c33baaad38c485a5268bc_jpg.rf.889f5d943f59abe68db3fbbf9bc81702.jpg, 1, 0
cadb0a3a8a9002c416f30b6349917a4f_jpg.rf.869a72dad9f8f003644ebe7ed2aed835.jpg, 0, 1
flipped_2d04340413b785384095d91036cf64b8_jpg.rf.89b4d050b74b974aca488296ca21f0e1.jpg, 1, 0
0a5063b9061df77c9e2f1b086de1237f_jpg.rf.88a5ffb6f8251a62cf65b2d470bfec6c.jpg, 0, 1
95b39bc53eb9d6efff7806c553173c3b_jpg.rf.87ce6bb7d6bd6b56fc33e47254864046.jpg, 0, 1
0ce63061f03954f0efe22e9fb9808abd_jpg.rf.88b4ede4fd021ef1d52f2b3c79347fb0.jpg, 1, 0
71fd9c147e17bcdf4ced996bd092d440_jpg.rf.87452fedc292f801fc1f0176ff3c221a.jpg, 1, 0
be8aad47056097952eae3b081ed88003_jpg.rf.890b5436e1159a5918c7fe684aa99686.jpg, 0, 1
e605ca3dbd921e59ef47a3ea1a64f202_jpg.rf.877a6903e3fe055673efa281b7d22b83.jpg, 0, 1
deepfake-src_6-ref_60_jpg.rf.894c86827c7dced4bfcb91647af32fbf.jpg, 0, 1
d48da412a3941df32e87a854860b9d2e_jpg.rf.88c22976b4e22a121071d887fad6707d.jpg, 0, 1
97ec67033da2eb4cd12202f963d3a118_jpg.rf.88dfb4b2e53973f5c1ee7a5d19c2b7b1.jpg, 1, 0
flipped_0afe7bec4d4d63b87c7a20832fb83eff_jpg.rf.8954d4c044d2d75e3aa3f56db23ab557.jpg, 1, 0
2e3a182c9176abce5045b20ee7236595_jpg.rf.88e65c98f8e78d5a2ab2d94d9ba28047.jpg, 0, 1
6a9cd1318da6f0d3ca3fe8fbea3f0c56_jpg.rf.89ee3a34afaf9d40cce62a3b82d6ce1d.jpg, 0, 1
deepfake-src_30-ref_6_jpg.rf.89127f2cf2a614513cad28262291acf4.jpg, 0, 1
ca2b349da0b5132b5993f5f1f3e64378_jpg.rf.8a689106e103666da475762cb2faa1c3.jpg, 0, 1
deepfake-src_10-ref_74_jpg.rf.8b06a8169234051c08ba0f9745656933.jpg, 1, 0
dcad3b3fb8524efb551ccb4bda8bb4d1_jpg.rf.8adb7ccc78ac1d9572eeca7709a3f1f2.jpg, 0, 1
flipped_1da3609f365a6a7e78b207cb8455c6b3_jpg.rf.8a79e4834135d777d19350e89d195bcc.jpg, 1, 0
8b43d9080de036596b69794fbfba4562_jpg.rf.8ab05b9c7d029301c60978411aa9a02b.jpg, 1, 0
5fe801639aee2a084632cce4a825627c_jpg.rf.889aaa0546e613608a6f5f887357d3e4.jpg, 1, 0
dbba4df67e0a8a27928ff64581f4f90b_jpg.rf.892c7a9597bde1ca82cea1f74268b84a.jpg, 0, 1
3a4891ddc38c82101b5714942d5340ad_jpg.rf.895a447cb4f57066d4cfe3d662d10ac5.jpg, 0, 1
d469ec1ae743d8315f52640a208d5720_jpg.rf.8b00b30ca9add8758e46361375379b54.jpg, 0, 1
55a8f6f44c98c2eb92a0c50092129a11_jpg.rf.8b891a5aa33943d5c08862bd9b11977d.jpg, 1, 0
7fa575816a44de350962b40e3d9867b3_jpg.rf.8b8c5ff0039b6ac76924b712dd91b6aa.jpg, 0, 1
1f07770152865b1fd02f765fc03f5be0_jpg.rf.8c1949bdcf801e83254f8d2e51f369cb.jpg, 1, 0
deepfake-src_28-ref_109_jpg.rf.8c02236f60f44959ebb2887ef49ce713.jpg, 0, 1
c96090e8c57bf93ebd861608ab094ec3_jpg.rf.8c52cb63633fa1c7a77ab9ac30d896f0.jpg, 0, 1
4ca794f0cbbbf00abd6d080b2d7a3e9d_jpg.rf.8bf71ffe6dfd6e16dd65be645d46a164.jpg, 0, 1
flipped_02f90adbfba5b38be7086c80325f19ac_jpg.rf.8beabd3cb416d02a0b09b4c1136a9b21.jpg, 1, 0
59d396db31c32e50f443112d36d4338e_jpg.rf.8b18492a78f52f9b1e64a2e108a29fa3.jpg, 0, 1
flipped_1ce81ce1e138a74f47a9549825beff7d_jpg.rf.8ce4ca4bdace4ef4b6455151e975a725.jpg, 1, 0
flipped_3b7823cc62528ecf7494f17f440de707_jpg.rf.8cef7703e329299bb01fe1d256f43608.jpg, 1, 0
70ff99914902e5347d436e87d20ef760_jpg.rf.8a4ed653a6ef3485e1c7961cf595eb25.jpg, 0, 1
6e156892d6cc2beaa3d47f097a0924db_jpg.rf.8d6b18cf3f7f638cdd2095ccf44b9a67.jpg, 0, 1
dd8c207f76f234d712470406bf063299_jpg.rf.8d8c96b10925f50806cb9ba3d368f217.jpg, 0, 1
75942f4f6b3f7554fb3cae488b9d645f_jpg.rf.8d9fb0fbf0f057dec87f53bed4562e09.jpg, 0, 1
bfc0c01d2f53c090c423417497b93bd1_jpg.rf.8d2617874b8ada7bed4c3b2e6ebe42dc.jpg, 0, 1
522ea4a4bf4329926fb279c7c39ad07d_jpg.rf.8d3828f5bd16729d3deaa44b2d99131a.jpg, 0, 1
d498b4742acdaa8cc9e33245bc50bf2e_jpg.rf.8dbac0e25424d144272fda6dce078ec4.jpg, 0, 1
396a88772037b9fad352582dc127660e_jpg.rf.8ddde03e3447925f3db44970691d84e8.jpg, 0, 1
2d3f9e9cc3579a5f4a7cec5716d00a2c_jpg.rf.8eb795244ab1314827281661c271eea0.jpg, 1, 0
2d3813432367d5816fb4e9c6ac71b101_jpg.rf.8de18ca54299ef9f2aff7f692faaab4a.jpg, 1, 0
deepfake-src_27-ref_124_jpg.rf.8db6ef488c7066de297ccb73ff86090a.jpg, 0, 1
4ed2327a336c5675242b21503f811c65_jpg.rf.8df53db7239c7b374083fe7e744c3766.jpg, 0, 1
flipped_5d817f0580e61ce18f24ad9ddf557693_jpg.rf.8e909e9b794d0e841223d8f8a8c61b5e.jpg, 1, 0
deepfake-src_2-ref_140_jpg.rf.006bf73df449d63dbd0a1e4e1a74be28.jpg, 0, 1
2e4640eb3c12242372fd8c7403c7aa23_jpg.rf.0022c24ba88fa3ec2a6f33f5b45139bc.jpg, 0, 1
deepfake-src_25-ref_86_jpg.rf.0077e93ca1c576818ba70f23630799c9.jpg, 0, 1
5c121a96aa9bf43862bc8cfe665c621f_jpg.rf.00a9444e78d52b17d8ec6dbd2fcf35e0.jpg, 0, 1
3ca11108925c64c91e40ddf3c3ca6f91_jpg.rf.00c7ae86be92daf0e32b78898a343cec.jpg, 0, 1
deepfake-src_24-ref_43_jpg.rf.013650a9c5a63737e9220aab995c4570.jpg, 0, 1
deepfake-src_20-ref_27_jpg.rf.00fc83c9313948e61f25ff0fa4d65e91.jpg, 0, 1
caf9d02cad7416f560c61f02f38f1411_jpg.rf.01515fcd77daf0a45e611a29642c9cc0.jpg, 0, 1
10e27bf07626e587315293aec28269d6_jpg.rf.0199fba4f45c35361bbcc6d8c8ccd76a.jpg, 1, 0
322d07c51a9f871124de2306d3deec0a_jpg.rf.00ac54e58c71847522ef689513f4f4a2.jpg, 0, 1
8c6fde0c69548013a1b74617335c074f_jpg.rf.01ad870e5f411d054d8c09c7b09d532b.jpg, 0, 1
cae4acfe5937d5e44d1471fca7594950_jpg.rf.0171127801d95a99d6b780036304bf6f.jpg, 0, 1
066f4f0d2d15e4324401d63f6ad841f8_jpg.rf.023b3396ac8e6305402b0e170e2d9450.jpg, 0, 1
0a4297e4042c568b04e148c83eb1feec_jpg.rf.0272487bd0e2938d1728320dcaa9d164.jpg, 0, 1
0b32e7405ccd0d89b8e2aefaff52c77d_jpg.rf.01f5913445252c5efb4d9ead17805305.jpg, 1, 0
flipped_3d56c69e66cf9accf2646747b9515284_jpg.rf.027ecc4791da2dab5385284db2445134.jpg, 1, 0
c0c4118000ae0d5596664fcf6ad8fe5c_jpg.rf.015aa9d6237b73a559c31d1b8c67c048.jpg, 0, 1
74eb9dc0e19bfaa1fbf028f27b317de7_jpg.rf.015505f291540eeda69aba2b867ef571.jpg, 0, 1
0a0905699d309e9cded6bf01fd1d5b93_jpg.rf.02d7aaf2777e3d6681c96ebe2a7f8eab.jpg, 1, 0
1809df7f0d4266bd19db53c2b96466b2_jpg.rf.016ffb7e00b25292e1a82bf227cab4bd.jpg, 1, 0
22a7c9322e94f07e81bc11e8107d88a7_jpg.rf.01fd860481b699794a82147fa48f60e8.jpg, 0, 1
0a991b96ed88b5c81823ddc190b69706_jpg.rf.02810995ff7d22869dd19a099f2bc58e.jpg, 0, 1
0a818b067ec6e6fbc80f0e801dedbfc9_jpg.rf.027838b708b33969879fb632bcb85390.jpg, 0, 1
01a55a43922ec00f24b7c2dae8f376dd_jpg.rf.031556f489c0e945fbffb48a61b6b411.jpg, 0, 1
6d73c95ad4dd9bef5bf8383799da95c4_jpg.rf.03599fd3c2286b562053be249141454a.jpg, 1, 0
0a96a64ee8347d080ae148b77c24b516_jpg.rf.03638f263c65b9c84b8a6db0aadec110.jpg, 0, 1
deepfake-src_16-ref_69_jpg.rf.03004c35c3439be45b2566239aec3531.jpg, 0, 1
flipped_3a63655f45125a8f82c26a120b9fe7fc_jpg.rf.034e0d876a78c6a4895e85a0f146c5cc.jpg, 1, 0
2a27cb26f061a3f4bf6ef105a07f45c9_jpg.rf.02e4d95373843e70d38d45f646d2b2df.jpg, 0, 1
4f77bb708c6a22da8fa300c0cadf79c1_jpg.rf.038f378a17ebf36618ef65634fd62404.jpg, 1, 0
deepfake-src_4-ref_109_jpg.rf.035809d255102ab1548f816b4855cdc4.jpg, 0, 1
0a928b18c22744c847fe98f56a494e80_jpg.rf.02d8b25734c8dd1331610ff11635da06.jpg, 0, 1
78523sadf15dfad132-2004-_jpg.rf.039c67eca5bc2db5faaca7a8f591b19b.jpg, 1, 0
35b40f8b3053622a965e52a73f7c6fbc_jpg.rf.040d3293029de75c21982fb44ee6cde0.jpg, 1, 0
4c1028c5ce182b59186b34bbbf9ae546_jpg.rf.043406683e0abe8db072aa137928edfc.jpg, 1, 0
deepfake-src_32-ref_91_jpg.rf.03e5753b270c3a810ad10c83068677ee.jpg, 0, 1
0a675acd0e17a47684760085ab8562df_jpg.rf.0430e5678945c61a9a084744bf070cbc.jpg, 1, 0
0d3419b06039b08bafcc3b9e15626fc7_jpg.rf.0452e887f3c01af648f6072766115d6f.jpg, 1, 0
5010b2299fc89c55a5c5b35fbcf0ec7f_jpg.rf.041757d517a2fa8b8542665cbd2b5dc4.jpg, 1, 0
02d2fac7f99c95fa8f2064f39d5e815b_jpg.rf.036359cb4377b70fb1feee830ab90b9c.jpg, 1, 0
5f10b37fd697cf11cd67ca99e89aa98a_jpg.rf.047f409166d7351728e1dbe99b85df57.jpg, 0, 1
0a797fd02e5bb1270f2708122993e376_jpg.rf.046348e8ffe623571f8d9e724167c214.jpg, 1, 0
0a496d8ca1a29a7f11c7452ffb42123f_jpg.rf.048ba5a1e3ee3888a8c12cbb8ffeea74.jpg, 1, 0
flipped_5d2364ea7fc71e98079b8caf04aadab6_jpg.rf.04f036fdbd0df56daed4af49a917cb7f.jpg, 1, 0
deepfake-src_32-ref_6_jpg.rf.04d9f02f435a91e874854906e47ec1a3.jpg, 0, 1
flipped_7a4c9ab64ac0c24d2212049d74b8c059_jpg.rf.04b1ff36321cfc6c8ed650dc3ea10257.jpg, 1, 0
flipped_1f07770152865b1fd02f765fc03f5be0_jpg.rf.0528bae072436ced2b49b20a48118853.jpg, 1, 0
786d2441d244a8fcb38ed4a70194afde_jpg.rf.05035c9572ef067e40730b0a96a809be.jpg, 1, 0
0a859ed5f8467d49da02beaa44a2bab0_jpg.rf.05219aa6c35e5467d4ba9ec5ab4db806.jpg, 1, 0
0300c8aabbed2e8b2bcb6433ae364351_jpg.rf.0585d51426c931ebb46d041155c18f1b.jpg, 1, 0
flipped_5fe801639aee2a084632cce4a825627c_jpg.rf.0610e5ab4ae1ed5cb9515e577f0bf9c0.jpg, 1, 0
9af3f2070f5d2c6dccc8d25312678c6b_jpg.rf.0581ee5be7ef9a0b24eab54c33d02cbd.jpg, 0, 1
0a16250cea4540ad4f85d6975a6757fd_jpg.rf.052175483d28e3e10305278896d49df4.jpg, 0, 1
deepfake-src_6-ref_13_jpg.rf.0590a7b77698531e70776d341f1a57b5.jpg, 0, 1
03b49c4a3dd0d372a2946ec9ac3df4e8_jpg.rf.04e824b7a9871f5dc31ae7c081609676.jpg, 0, 1
60c309133eacc815323277c170908a4c_jpg.rf.05eacb27952b8c5e85431a997bdcc70b.jpg, 1, 0
7a4254008900cb563f990492b6ab341e_jpg.rf.0516ca0cc276163a0fbd34f991e9d7d0.jpg, 1, 0
48b730604a90ae83d76beac646a19c49_jpg.rf.05615d48699f755a23cc6026e10941b6.jpg, 0, 1
flipped_5b2e960da9884234c811ad72a597bc28_jpg.rf.30f783643966c981c2f7ce4eb8218a23.jpg, 1, 0
flipped_02b3c5e33b27efca4c2a428ddc2eeda3_jpg.rf.311e5eda8bb3142bd133c4e29039c172.jpg, 1, 0
c8011b9da420702fd4343d4ba25c8b69_jpg.rf.313aee4416016e149564be83f3e93eec.jpg, 0, 1
deepfake-src_34-ref_27_jpg.rf.2f08be16715fd6744305f6da09ba4844.jpg, 0, 1
5659206041667bc4b7b593b545040bf4_jpg.rf.2f514f9a6254d6abe811bce5947dac87.jpg, 0, 1
343e2e9c7008a537a06c018cb4918525_jpg.rf.2ffceba4f0e85c27ce24604c5444d1eb.jpg, 0, 1
310aaec94552ad2f72cfaacd8f72cd0a_jpg.rf.2ffdcef19a8f655368a4535a81716b17.jpg, 0, 1
deepfake-src_29-ref_57_jpg.rf.3048c6a6c69b6a1338efcbb0f0ad188d.jpg, 0, 1
78523sadf15dfad132-2002-_jpg.rf.319001e877ea14da9c6ccf346f2964ae.jpg, 1, 0
flipped_0a994ac3908f6b545451e2093af09abd_jpg.rf.306fb0cdc17d9cae24eef75295d7f800.jpg, 1, 0
44b73c963ba93f1787fd151846ea90b0_jpg.rf.30835f05b2950c01a79b5a933df9ac09.jpg, 0, 1
0a7019e0a933c2099eb8260f419af868_jpg.rf.30e834321343ca47d288b5db696c0b1f.jpg, 0, 1
13f545617f0d051d0f93c666b6d1aa56_jpg.rf.305dc6057c34988381682902849167f6.jpg, 0, 1
flipped_3e9d5d90415693f4775384ef895191ee_jpg.rf.31bb8262dfe3862f1ee3afb2c455c6a4.jpg, 1, 0
dd72115f2d103e73e00492ba88029ea6_jpg.rf.30fe28358f4f392dc9c01d7f2b3cdec9.jpg, 0, 1
856daa6fa060826930173b802c12dcf4_jpg.rf.327ebe41490a13ce677d5a8ca61247f7.jpg, 1, 0
190b41061563b460c571d8394df31656_jpg.rf.3279c2a380cbc002d19bdd7dd215a9b4.jpg, 0, 1
40ba950d26218ebb231974f357be31b2_jpg.rf.3200b987f6af2700245abe006a807cbc.jpg, 0, 1
cf5664598c4e261cd5b064e69b7b88c6_jpg.rf.2ecc0f4b4fbbfa249b213af1b83289dc.jpg, 0, 1
85a17f51e6b3915cc936556c7c399905_jpg.rf.2f01a8a6b795aa0ebfd6563050d377e1.jpg, 1, 0
d7c154a2bae2951949ed13e4f32dea16_jpg.rf.3279b8bbf92d86f63020f6d348fe639e.jpg, 0, 1
flipped_0a594a2675c01f463bb5ab4cface183e_jpg.rf.2ed6bf5ec6212b7a7837bf8ca7040b2a.jpg, 1, 0
flipped_0a5527d35a2061efd58a1b937b078bce_jpg.rf.32a4de5297fe1f4af5e79e6999717185.jpg, 1, 0
2120c09f1513c688f642ca690a433486_jpg.rf.333316a18e8b010667741f3428bc4a0f.jpg, 1, 0
e86b742f52d7294eb3ed4184dec3c323_jpg.rf.32edc6650be34a3cb2e4fb070eb6466c.jpg, 0, 1
4d6b0ec2bb297038f7d2710cd37dea35_jpg.rf.336bec7d7193586d9561864f5a61a9a6.jpg, 0, 1
deepfake-src_7-ref_111_jpg.rf.339d5397da249a0229c0dc7bda3d41d2.jpg, 0, 1
0a5939c9e57a05ab5e4921704b451552_jpg.rf.33b23fd270a2b4a12d3626938e8d2bbf.jpg, 0, 1
deepfake-src_28-ref_7_jpg.rf.33c2b4adffec9fb0a4e19c761f9fb324.jpg, 0, 1
7c3035b6b1f6975fc81755341816fa7d_jpg.rf.348141a29964e71c5999d093f39ae1ce.jpg, 0, 1
6fcd5957d4912dbcf44d89730963c473_jpg.rf.36684585704d45e058a2af8d34f16aa0.jpg, 1, 0
1da3609f365a6a7e78b207cb8455c6b3_jpg.rf.33ec1cdee558b0e60aea303e3f730a17.jpg, 1, 0
95af14388d16ce0515118a293d636d92_jpg.rf.340233a1a285891524068b4526941923.jpg, 0, 1
06ba2c3409d006a620cf09323a099f07_jpg.rf.3422944d0ac521777f9d3e766592c949.jpg, 1, 0
4a33fa40abe492a93c1802d4a1a14c23_jpg.rf.362c2a4dc36a8cc42b54a9ed3db12d82.jpg, 0, 1
7e34a0ad5d3b7873751df37d715e7ac5_jpg.rf.35d6cb7dd08dce1da393892452db3702.jpg, 0, 1
cde5a859293bfdea83018635658905e9_jpg.rf.354adb2047fe6de8c3061b607b13e51e.jpg, 0, 1
deepfake-src_28-ref_84_jpg.rf.36dd0917b5e8d7d0acadd8b137f14b7f.jpg, 0, 1
05825d372d3867ab208450452958317c_jpg.rf.3758e59272c5e907edf1f521676faed4.jpg, 1, 0
44f102d9cce9fd08ae582963e78bf32b_jpg.rf.34f7891fdd104bbe34f3a6190ed6ac8a.jpg, 0, 1
5a4cec569d48ce5405e5791cf49f80f4_jpg.rf.3620d38f09040bce1b4b3a7c26f01bf3.jpg, 0, 1
deepfake-src_31-ref_70_jpg.rf.37abb00d0e4a28da8e3de97d2ce9787c.jpg, 0, 1
4d54e0c265a79840870aa87b4046c93a_jpg.rf.37310b207b7463f23a24ede022794661.jpg, 1, 0
dd4b32e1ad8b92fc1d04f8d39ce6013b_jpg.rf.34dd739151702ffd556c625572cbfb5b.jpg, 0, 1
2af74432a934f20a85bb56e020c55d9a_jpg.rf.37ab337ceb26c5f85430f9a33fa1b463.jpg, 1, 0
37bc87f4e86801c4d27a18730993e37d_jpg.rf.368405523476eb9196488ce4b83e38db.jpg, 0, 1
deepfake-src_9-ref_137_jpg.rf.36e8bf7526789c41b62afb52e0c90cdd.jpg, 0, 1
0d94f41b3c4e64a1a2292680ba9bebb9_jpg.rf.37ade5e2d2fe3012e08bc9903c9799cf.jpg, 0, 1
747c21a5fa93b27be74be641a6c933ca_jpg.rf.36f6cca257a179d29203594bfc967b4b.jpg, 1, 0
61d087349ad0b848037ca8b30ef060ac_jpg.rf.3802a919c815660b0f9c2eefb52cd772.jpg, 1, 0
2cfd4476294ea8ee3321f34be2183178_jpg.rf.381573d1c339d2c236474c2725fbf9ff.jpg, 0, 1
9c8e0dca4e76c913257be81c221c321f_jpg.rf.38b54f0ce971b7f1064e102cb456bf9f.jpg, 0, 1
06f7ded6bcc1cb3c182de5b44af3ae9a_jpg.rf.3921240f9a0ba2f52d1cd5074b652a81.jpg, 0, 1
4bcc0b49b11b8c58d8b25a33594401f0_jpg.rf.39aef76426f350c388bd96598e5acc48.jpg, 0, 1
cea2cefcfa07f804a9120084583e4d12_jpg.rf.38962d7c9d79777ab22070971b0586bd.jpg, 0, 1
0a5527d35a2061efd58a1b937b078bce_jpg.rf.3a9e00930d4e7a3e584fec91eabec308.jpg, 1, 0
1f4aca38109121fbc373c00771a26406_jpg.rf.3893b85feb6614327ee6ffd5579da25c.jpg, 0, 1
5acd8f104fde323d8dfc11eb215e220e_jpg.rf.3a37cb2798f3d0904833d8eb63495618.jpg, 1, 0
e2422b2de3a4be1effb04b15079a80fa_jpg.rf.3816c27f29a6271c1f7d1494ad42c75b.jpg, 0, 1
bc7088ea043c19925ce49fe2e43201b4_jpg.rf.3a13f2c6ca09e10120b092ab541b7c93.jpg, 0, 1
9ef3cb156e8db442fccc5b03ac0944bb_jpg.rf.38f717bf67fc9a7f6b3ffb86f614fc13.jpg, 0, 1
flipped_1dda115a3d1ad7f64cb0fb422ecb6ae4_jpg.rf.3a92ee9c23df9e5686f100542b406952.jpg, 1, 0
5df14bc96dce1c241a28c814d89ba640_jpg.rf.3ad89dce5eba4828bf04a91197f7b5ec.jpg, 0, 1
deepfake-src_11-ref_40_jpg.rf.383b3975e5418ddfa77937baf638ff8f.jpg, 0, 1
d93ccefcaa9727ea1f9f756bd62e8bcf_jpg.rf.3bd22772894513c3c56113826d412de9.jpg, 0, 1
27b8093ed0b83edfbbdeac8a1f0a51c4_jpg.rf.3bfe227f7f6fd0339ee04de7fe84bbf0.jpg, 0, 1
609e1b618da73436bff49697f83e1b65_jpg.rf.3b991aded5e8681934016c4a063f57d2.jpg, 1, 0
flipped_7becad5cacab65ce38190f3a71b4f18a_jpg.rf.3b43d713f8522f4621448f5b836a12c2.jpg, 1, 0
4783feaef830d610622f586cf913fc31_jpg.rf.3b12588fb7ef8f426d5b45daf7a1f294.jpg, 1, 0
5da6d59aa823a70e6d9526ef52abd395_jpg.rf.3b5e284242bdc29d2b71492626171e7e.jpg, 1, 0
deepfake-src_17-ref_119_jpg.rf.3bfc0811935b5d940a00f89dcc57d674.jpg, 0, 1
4742fdb948a50ff8b7208c440d1619fa_jpg.rf.3b1fc2c187c3e3fb6c73d46977ab61a9.jpg, 1, 0
06a7a2f041a33a9fa4341d6847f8f71b_jpg.rf.3b94f873ab2c0eeeccbcc1c238925f58.jpg, 1, 0
806d1a4c6555ad1c7de03c8685304160_jpg.rf.3a6d0d9be242358153ed744c02ed8b22.jpg, 1, 0
9c4688cf5b3406e0b743fc1f37ca49a8_jpg.rf.3c42340564a5533e420d76f1ca13a2dc.jpg, 1, 0
79a8d5576a967c6348d8518e9a374f9d_jpg.rf.3c8f8806561ad9ed8237fde19d08e427.jpg, 0, 1
0a649d9ce32413ed9552d666c7881585_jpg.rf.3b228102a524336adfd78422501ae39f.jpg, 0, 1
506e52cb8ba2ea15fa802cd21049250b_jpg.rf.3c621e812a1132bb98c176f662bd0510.jpg, 1, 0
076af1b6ac6cac2ad2b502fb1a6f7e1e_jpg.rf.3c0b2bd4f41234e68854ef625229bf2e.jpg, 0, 1
c2c68a9c80383cc25bad1aade0b26d5c_jpg.rf.3d2a99201a7cf03a5dd4f1bb4eddce81.jpg, 0, 1
0a2411eca977abeca866cc88a93e134f_jpg.rf.3c9773211479cd870323b2317bb7ecea.jpg, 1, 0
9f4ff865fda5009f51340f8398d7bfd1_jpg.rf.3d14610bf61b8a9e710c25ba1bbe9b7e.jpg, 0, 1
flipped_9e9d455fca4dadc0cdbf20cac957a770_jpg.rf.3d0d1b0fda0434ebd9874c5ceaeb0eb1.jpg, 1, 0
74efa56e0dcf48a37d604002d5c76b4b_jpg.rf.3d981da21f7d6b0c7a176ec4ec873ad6.jpg, 1, 0
flipped_0ead3aa88c8db17d63933dcf943852a7_jpg.rf.3de721b202cddd8d7c54297b7e83e775.jpg, 1, 0
deepfake-src_13-ref_2_jpg.rf.3e33f7bcadd3d1eae78d17c44b8d8d26.jpg, 0, 1
deepfake-src_33-ref_13_jpg.rf.3db64490ce09aae4c89ed344c0874ae1.jpg, 0, 1
8ea4966498332d626f48f5763b4651e9_jpg.rf.3dccfda89de413ad74b6d36b40f9baae.jpg, 0, 1
0a659d2be36c74bfa021afbadc8f41e6_jpg.rf.402d8646a6d7b5f3e34363b7647af918.jpg, 0, 1
flipped_5fd1455355397a24d79fc12cf421465d_jpg.rf.3fd6d218f9f5a592e45e9479f2529cd3.jpg, 1, 0
deepfake-src_27-ref_110_jpg.rf.411bd6ef1b9558a3995fdb45bbcbb0b3.jpg, 0, 1
c2d9563d3252aafddb4747597c0dc602_jpg.rf.3fa7bc3b792b613b91f1aae795bbc004.jpg, 0, 1
c4ce6c8f1b58d736bb1361bd5ad6c548_jpg.rf.404dd7fd6f30f5f6e5c80fb30bca1140.jpg, 0, 1
flipped_3bf8fc62ca998ef59e1688ba89357909_jpg.rf.3e1105b236e3a8e501c0bc73f61d1038.jpg, 1, 0
014e961c8ab190fa436f0a30f3f8f04c_jpg.rf.3fdc1f75561429110e13062d1224886f.jpg, 1, 0
6883dca1152b54791cf6941b39170bb0_jpg.rf.41dc0eb0918aa622343bba442b0ada5d.jpg, 1, 0
6f58e80dcbf4f4dba2aecf88aabe4105_jpg.rf.40e6ef9f602e61d71d1db11f16472cc6.jpg, 0, 1
flipped_4c51a29618752687721155728424bef7_jpg.rf.407b2f904656bd809ac4f51cc70d362d.jpg, 1, 0
218c22ccfaeae896192db77b8db7a9dd_jpg.rf.3ee0af42e5d8345fc87c763ed3c69ce1.jpg, 1, 0
67aa125ace310420a6ba6d0d4ffca203_jpg.rf.3eccda4d498be8b8960c97c6932e5904.jpg, 0, 1
7caf452f8625a9f88ed4c09f4acc53e0_jpg.rf.413b342b04fd398acfeb27d4b4df44ea.jpg, 0, 1
097cc124974cfd24e18870bdad41463f_jpg.rf.405897be364335ba48307e9954bbe475.jpg, 1, 0
46ddfe7cbb093eba89f79f81f98cdff8_jpg.rf.415a87ca7894d24eb1fe4e5b0bdd67d3.jpg, 0, 1
flipped_6d73c95ad4dd9bef5bf8383799da95c4_jpg.rf.418100323adeb2873621f4c382e7da1d.jpg, 1, 0
3b6f5da6543e98f636d8c592f02c12e1_jpg.rf.4114c904ba9aa7aa3623e664aaf8a71e.jpg, 0, 1
3ab9f115137c5d1dea95a6b30f72a42c_jpg.rf.3e52cb415091a12bd68fb860527f10cd.jpg, 1, 0
cee27e3c74f87e74edb08dd21b3fd210_jpg.rf.3fc0361e74eb162ffc9353f6f43cecf8.jpg, 0, 1
deepfake-src_32-ref_125_jpg.rf.420c497d96c67a1ca492bdc926f742ed.jpg, 0, 1
deepfake-src_16-ref_43_jpg.rf.3df6bf38546373cf23a8e5c4512cabd4.jpg, 0, 1
flipped_0a398e7d353c33baaad38c485a5268bc_jpg.rf.427c5bdf8c6b2f57f9eac564e28c174c.jpg, 1, 0
ce38eeadf131ff8eab548d235746b77e_jpg.rf.426aca122b16bc3ae9fd6245f5bee940.jpg, 0, 1
57d34b8b5badc6da667c39127812bdfb_jpg.rf.42a860843c87a05889f8dfecb4c10fd2.jpg, 0, 1
17abf5e3bdd934697bbecb9c65e2a423_jpg.rf.42c9c3c5bf113b3e7a17b6e9253a2c29.jpg, 1, 0
7ef4ef7a6269c94e1979fe1fc589b0b8_jpg.rf.42c97b8d0121d2248e5a8392a667547b.jpg, 0, 1
107bc6a5e8ad41c07366a76b003cb585_jpg.rf.42df9967048eed95a0841ed66609b4e2.jpg, 1, 0
deepfake-src_15-ref_44_jpg.rf.43a4c4ba38621dd52bf26531ba740620.jpg, 0, 1
4c95842d4ed424316caae373c5d6090f_jpg.rf.448b4c529eee5b379f459c89234c2e6a.jpg, 0, 1
45a29b755ab5ae1a66877034ce9d857f_jpg.rf.43dc92fc5483edf3e066f143c4a02c58.jpg, 0, 1
539f38fa5021debafa0f1d9930cd8fe3_jpg.rf.4397a8d384cb54b55cf5ec89099be940.jpg, 1, 0
deepfake-src_26-ref_23_jpg.rf.43ddcf06a63c78096b7752ae6977d549.jpg, 0, 1
c4893d4b976baaedb652091bf9786cec_jpg.rf.4495ab4c23e7c40373ddb70bc3f0ceef.jpg, 0, 1
flipped_02cb272de74f961f61e985459ae973ed_jpg.rf.444fb8bcc07e0a60c514a2163ecdc9ff.jpg, 1, 0
6e542000c1471f01ea535693c03b5487_jpg.rf.453e3b4ad9d8b8050d88cff690bde29a.jpg, 0, 1
0a666fa28ec91d66cbfd24f21dddfa26_jpg.rf.432b3bc0b6451c32ba520b4eb95c1e9b.jpg, 0, 1
658e979449a82c8363613d196fe5687c_jpg.rf.44b6d38cbd42e783dbcf895cc1531825.jpg, 1, 0
deepfake-src_17-ref_27_jpg.rf.437b80c10a455f314e1cc2334062db0e.jpg, 0, 1
c3258b4e8351f2fa51362a03600554b4_jpg.rf.43cedd10372200bd510b2d551879d550.jpg, 0, 1
3ea2a4496f2d244546663cc6c43859bf_jpg.rf.44cb74c1b3b3bcd46ed1863f60ae76fa.jpg, 0, 1
deepfake-src_29-ref_38_jpg.rf.4580598ab20b051e0d23dc9ad85fb1c5.jpg, 0, 1
deepfake-src_18-ref_18_jpg.rf.42d461f15e284f41e29b9eaccc66f0a9.jpg, 0, 1
deepfake-src_3-ref_54_jpg.rf.452f04555ba6ecddc679c7320db9a2bb.jpg, 0, 1
2b22694ef19aee35a81cfbbaac44bb5e_jpg.rf.4615664e6eeac11647c58b24e7e19097.jpg, 1, 0
e40b8450d1b093f7fdfb1ac56e403b2c_jpg.rf.4589ec85b6637118137c2aee6cd09eeb.jpg, 0, 1
deepfake-src_30-ref_110_jpg.rf.44e25db3a9b3fc5d7a0852c5f77dcee9.jpg, 0, 1
3fed6f9313cedfcc6f6af46e2bcf66d4_jpg.rf.45929da15b366407f168e8c883c2c7d7.jpg, 0, 1
deepfake-src_31-ref_8_jpg.rf.4634c0d0bcef8c38f50ed59791f4135f.jpg, 0, 1
deepfake-src_18-ref_17_jpg.rf.44b7fcd0af94f4c10ed7c794dba81504.jpg, 0, 1
c55864fe95551b4e1ffd24a915ef4770_jpg.rf.44ce62439ac1d3da326fd0bdf44ecb6e.jpg, 0, 1
134d806c3e2270332a07b92b868fe037_jpg.rf.45fe32c0b72d13594c340313ae32505b.jpg, 0, 1
deepfake-src_9-ref_17_jpg.rf.4742dc52b27a6b353d190c250240a727.jpg, 0, 1
8b3c483dc9b608f961f330cfba5d2cac_jpg.rf.473c48102adfaf1d9a74569957b18dda.jpg, 1, 0
2fa256853c86c395e9b1165ffa443051_jpg.rf.44e43473a9030b3badfa84ecccfdecf2.jpg, 0, 1
0f2388da36d893b38bee3ffe0ee68571_jpg.rf.4691cffe2047565681bc7dcf16032863.jpg, 0, 1
8d5b5bc03e7dd9839e93f23de52cadea_jpg.rf.45e13c473341d2711c51b2a093518c4a.jpg, 1, 0
51c51f0e4402d7c6b173d01e164efab9_jpg.rf.473c6b7ab962c152551a50d3b67ba5f1.jpg, 0, 1
flipped_8da18f0646b61e6fcfa2b61a395a34e4_jpg.rf.476927741de27024558b97a7b56cf901.jpg, 1, 0
flipped_6fcd5957d4912dbcf44d89730963c473_jpg.rf.47a1bc7a6ddca485ddd4eca1e9efc483.jpg, 1, 0
c0cec93ea7069e2c91bba49a3f69578b_jpg.rf.47d54771895b13f50937b984caea69f0.jpg, 0, 1
58dd9d49ecae01128abdbf1af1f83ee7_jpg.rf.482db0c512f45ac4bf623fb2501922d0.jpg, 0, 1
d7a5f377be7dbee020e915dfc4f551c9_jpg.rf.47fa3aebed2603d098192986f118e944.jpg, 0, 1
33e468b10188222e32a8b537a364e847_jpg.rf.48933abeac1c03dc93c1a0e217dbb44e.jpg, 1, 0
flipped_0a7090cd6db9c83a243bd20cfcf4a235_jpg.rf.49f5cc071c3460bbc2538a885dfeb597.jpg, 1, 0
ddd5126352ffd909417f23dbedaab5ae_jpg.rf.498f42ca367ac6acf9182ff1989a91e2.jpg, 0, 1
4c51a29618752687721155728424bef7_jpg.rf.49290598243abc751efcd5efc6710631.jpg, 1, 0
685775746004ba2e660318d5d853568d_jpg.rf.4a120ea7d0c3a606998f06462af3172c.jpg, 0, 1
flipped_8cace19906df1cabfc5f29ff47b0a410_jpg.rf.4a6ab5b8d382473503cbe2fd34410cf7.jpg, 1, 0
deepfake-src_17-ref_37_jpg.rf.49014e21ea1a5759a0c420fa4a396433.jpg, 0, 1
60f45b9fb67e0a8f2b9d892a3a602633_jpg.rf.4af78ced67f9b7ae62e2407a0a8c9f69.jpg, 1, 0
74db5094e2650424a5068f9451051475_jpg.rf.4b2f1a72fbe15fc6e855030c065b1343.jpg, 0, 1
d642af6710b6d51a7408071a9aef0d3f_jpg.rf.4a9b0514cf3778a117e3632a581b7c83.jpg, 0, 1
d9ee414b1dac651736655a36fc5c5286_jpg.rf.489aded6a2b12e6e46fd73c11aa5574c.jpg, 0, 1
04c05897a673fa867c329e31810ce04a_jpg.rf.498b28f4a83bcaf31285e1b4806bad77.jpg, 0, 1
flipped_0a636e04d138bda1f483dcd2803f9fa0_jpg.rf.48ba8c17a0deea5a665647ac48ec5846.jpg, 1, 0
d779b0999c2b0f2ab0ec59e62216c9e8_jpg.rf.47f02269d49817e76a69384038d39b47.jpg, 0, 1
18d6b46c137373ad5e9acfcc6b83820d_jpg.rf.4946801193e8cba4be401eb310fddccc.jpg, 1, 0
262c46d8f100418c458e8677f53b15ca_jpg.rf.4b3c7755a7e44a6bd7d1c72f3a682038.jpg, 1, 0
flipped_3c942606d1039746f74416e42a0e96ee_jpg.rf.4b995d014d37e8ad0c36279f718262c4.jpg, 1, 0
deepfake-src_19-ref_63_jpg.rf.48f59babce6f6085e6a53b0f86bfd2fe.jpg, 0, 1
flipped_9ca9c55f174bbacb29e2ae93536065b1_jpg.rf.4bbb2e9c3951b1521ad1f54fc9f11d02.jpg, 1, 0
flipped_4ac77ba6243de889a1193ee1de3cbc35_jpg.rf.4ca817e981c637d9d73b11592622d401.jpg, 1, 0
2df02b784100b942b9d6669702c42f95_jpg.rf.4ba2016907acf44af5353d288a97e622.jpg, 0, 1
deepfake-src_16-ref_85_jpg.rf.4caab47efa6a897d1546fe4263a852f7.jpg, 0, 1
dda1cf4ddb5b0686c920ce6fd3121778_jpg.rf.4cd48c00f93d868212df04728c13dd34.jpg, 0, 1
7fe736afb04d4e812a2a2b860b5e340c_jpg.rf.4aeba2e056ded682ba1dc94cbd8965b7.jpg, 1, 0
78ac4dd71e731bc2f6ab86138594e829_jpg.rf.4d61de90441f83089a603904762e00c3.jpg, 0, 1
0a0422c453218712869228f5cfc09af6_jpg.rf.4d3b70ed2fc907719fef90914d467b16.jpg, 0, 1
35f9776ab79825c2ec05f3f84a0d5d2c_jpg.rf.4e081b0234a060b19ca077390ee3a3b7.jpg, 0, 1
918e6fc7d580b8cb75c04b7c704b7cb7_jpg.rf.4be5620e498633f4166c80d2948320d6.jpg, 1, 0
0a771b66b79cce825fbe56b3fd71fd64_jpg.rf.4dd81a9bdfff3f09af1e226db809c138.jpg, 0, 1
557b94c31e31a08613760cc2a65d5bae_jpg.rf.4dec562993a572d30168bc299701d622.jpg, 1, 0
flipped_6ad4b787f4dbc19053c4013da17d39d7_jpg.rf.4fe0a854c38ef122e5b4bb94ffdc9537.jpg, 1, 0
9286630e588072c68ec7d3686f2a0c7b_jpg.rf.4ef0304fd64a8bae0b466c0cb84ed7cf.jpg, 0, 1
82ae71efdc7a1120a974a85b4987617b_jpg.rf.4e5e5eb05b4a9b76fbddb97f1e6bc4f9.jpg, 0, 1
2e164c81c2c79191237a1538c0358f8e_jpg.rf.4e0a6e40ad23b4f722352032afe0f35a.jpg, 1, 0
07f6336117b1da4847a2bf31d31cf159_jpg.rf.4dbd36071f6773edf5aece064e68654b.jpg, 0, 1
5bc63645f5283efb99fe5a05e7cf5b73_jpg.rf.4e7276a20aa19c6a232e0f3f2691ff66.jpg, 0, 1
flipped_6b70ba130211129ed979e4a3571169aa_jpg.rf.4f09bf224abf74e1e91a22f1c66045ed.jpg, 1, 0
4df29f96b58a3d360d0e789da9268d08_jpg.rf.4ebef0d047bd7f5489cf3e2cd8a3c893.jpg, 0, 1
8ae2ff56dee882b7ae510f7ad8c71d09_jpg.rf.500072773237aaed905bd6dbf7586010.jpg, 0, 1
90ac67a8cf6e44a79276b539bcfc540b_jpg.rf.4fb981f737e7bb5cc0d929c608d01e1c.jpg, 1, 0
1f2cc0cc0a8f433625796d763315faf0_jpg.rf.5098222007adfd21020eb9177993924d.jpg, 1, 0
7756d62032d584dc649fb692479e7c9f_jpg.rf.4efb60435e4c6ae80e704e5669bf580b.jpg, 1, 0
789f072c244777ebd6cf0e7eaffa7683_jpg.rf.5117e0b21e74e377c6013250ff334437.jpg, 1, 0
deepfake-src_17-ref_60_jpg.rf.4fe2cc63f2067410ccf071e3b8c13bcf.jpg, 0, 1
1bf0a212cc6307755db69c8fdca3e673_jpg.rf.4f15d3417abc402d866ad780b8b07852.jpg, 1, 0
deepfake-src_27-ref_36_jpg.rf.4f779ec9d08cf5138ca81ab744fb89f0.jpg, 0, 1
5d9e8c26515edc697a12c635fa2fb3e0_jpg.rf.5198bb20e7c1a6325e1910d88267a128.jpg, 0, 1
05e20d666ff53eb69f7b3a5a9e4f7d2b_jpg.rf.4e68547e2137fb5ce54f2bf86cc67277.jpg, 0, 1
8f95662757171f97492362aebb2b3f03_jpg.rf.50ed0791aa61adf6270c84428b5ef24b.jpg, 0, 1
deepfake-src_33-ref_55_jpg.rf.4de2dd80dcf525fb95169a4430ea1576.jpg, 0, 1
45bf073b2e8645b9e9cde5c78e44fb52_jpg.rf.4f9efc16ac263ff1d399b82b484b6c20.jpg, 1, 0
9ca9c55f174bbacb29e2ae93536065b1_jpg.rf.511d3a442ca3f8bbfcef246208cb28d1.jpg, 1, 0
0a4337c667e4c0090a55153b43729eed_jpg.rf.5151e660d232dd744a58d93b96500a56.jpg, 0, 1
7484bbf2ef7e7ebea47d5da9977202f7_jpg.rf.5156dab4e208d1932734e7565cab438e.jpg, 1, 0
93e68eb1649fb6a7b7bb4f7753c07fd3_jpg.rf.5158bd0bbb0b5067eb40bdf14460f7ce.jpg, 0, 1
flipped_6a1c0490bdf3e7318f8e9d4a1bf92ac0_jpg.rf.51a35c8b656c1ebe6bc4623eb394cd91.jpg, 1, 0
238c54eb39787258ddf95aade3978094_jpg.rf.51aaa22e943a7238f3574a16052f0144.jpg, 1, 0
99fad95eadc757014299d64c0627bca9_jpg.rf.51bea4c6f16c94fbee9558465d1afe08.jpg, 0, 1
c7b6cbbed334ab7f8e616559dd5e7e30_jpg.rf.5200ee1705edb969b6049b6df1889d0a.jpg, 0, 1
3582f438e2a6a43a62851ba750f15413_jpg.rf.533820a18ebc62547180ef572960b78f.jpg, 1, 0
9dd69ca8b45a85713d9840ffd738ad73_jpg.rf.521747a7492552aac1cd2948789b327c.jpg, 0, 1
0a6619ec40d8fb0b97342a12c0c2a2e1_jpg.rf.5573cde5e47bae56fe85a8084ad72d86.jpg, 0, 1
36c03e00b4bf1ae0948f70fe72adc4eb_jpg.rf.53961e161c04cd8a0b97e0d239a44b9f.jpg, 1, 0
flipped_7a1e1a80e494f3627264eb4829a19feb_jpg.rf.5377a1a41207260ff421b8ef62182820.jpg, 1, 0
c332dce5aa4a6f57075f15013c43d02a_jpg.rf.52eab08f68509fff2fe34b8d21e3b51f.jpg, 0, 1
flipped_0a2871b3520f354823b0b41e5350c873_jpg.rf.5367b6de543eb6fb7b8d637fa8feb8e8.jpg, 1, 0
8a3fa8e3f7a02beb6dad3b54438ce441_jpg.rf.544f52fcbe89cc458e6a26f400705aca.jpg, 1, 0
96a109f6167f1bddfb5079401bb2236e_jpg.rf.54a3eeb67e6b80de48e273d66d790aab.jpg, 0, 1
1100c21417e51d6dcc6d94604ae08196_jpg.rf.5574d2647b368d2195eaabb85c3a62ec.jpg, 1, 0
deepfake-src_12-ref_12_jpg.rf.548b3ad488186024eee1c029332c166a.jpg, 0, 1
45be22c7c61729285389e894c02ae165_jpg.rf.55a2c431223100e117c7e3fee60af95a.jpg, 1, 0
c8c5764ca71a4d11dbb380cf7a5efe1c_jpg.rf.5570e6af0552aeb35a2c35c73d7bae70.jpg, 0, 1
9cc684cb3bafa8d488cb6f194832b2c1_jpg.rf.55f8377ffc430268f8323bcd43d3ee02.jpg, 1, 0
04c64e8fd77783fcf0a271e876a0366c_jpg.rf.55c517ae12beca8e7e98a56f9c82570e.jpg, 1, 0
8708f766089d01878cfcc8c5c9db6463_jpg.rf.54f64d82625f3b768fb804da086809f6.jpg, 1, 0
7c24eb88aa7039045ccca55f28a938db_jpg.rf.5671808dfe209d62ebc8fc74784f356d.jpg, 0, 1
4d9108acf3e1786dff6c3adb179bf68e_jpg.rf.5493d2af37559d0d19da9f48e8260325.jpg, 0, 1
50a3470ca53422e1ca94c3feadadb66b_jpg.rf.53b6b1165dbacb1d4744603e81963b10.jpg, 0, 1
93ac4ce76841958c099128f204616088_jpg.rf.52da9503be03e0c3fe9b9f281f01399d.jpg, 0, 1
5f6058e38fe228cdc659f09327b2c1b9_jpg.rf.5619cb80eb9a5d995966f1e77ce59eac.jpg, 0, 1
0a763e595cbb78b3b2607f923073c4c5_jpg.rf.54e5d5b2aff590ba08c2a680eef4d17a.jpg, 0, 1
068a7658be30857d7269267e826189ee_jpg.rf.56cf503ad55e4f8b1563c0fc4017dbe4.jpg, 0, 1
3c36ac16d205158911e34fe51e11e0fe_jpg.rf.568676c6b29d01d2919fb20e87442e9c.jpg, 1, 0
4d92f765e748ca0bc10b5ecc6d0efcf0_jpg.rf.56c03a5863da76ca8275c269fafecf30.jpg, 1, 0
88aa4665f4d085b55134b7e5ec22a40e_jpg.rf.56ef0379741c7fddb1cd9a938ca91a20.jpg, 0, 1
4da52bf76e2d0d0ef9fafb437e18c7ca_jpg.rf.546dde6eb5236f17b9bf91a727c80218.jpg, 0, 1
deepfake-src_11-ref_129_jpg.rf.562f296c1ae28abe22eae51d2f72608e.jpg, 0, 1
deepfake-src_2-ref_126_jpg.rf.55fbc4f95de58d682e3099fb0b27aacd.jpg, 0, 1
9e5b351605e899e310b094a5da168686_jpg.rf.5705a1cbb4e952e1367b8713cfacdf35.jpg, 0, 1
flipped_0a983111a9af44c2e0f9638d944bfe12_jpg.rf.576bdd1f6c1c6217e747213b5008e54c.jpg, 1, 0
deepfake-src_35-ref_12_jpg.rf.57846f72b0b399a105597a762b18032c.jpg, 0, 1
54e7dd970dedd717c5e764b675bafa63_jpg.rf.5863c841d5d7519e21d93cdfc4d1fbc4.jpg, 1, 0
e14cff605c919c14dc97e62d9da7d3c2_jpg.rf.5909cce98ce04eadeabd5ac231d90ccb.jpg, 0, 1
0dcc3a0d0af400fe5b34ac8095b1320d_jpg.rf.57c0a2a2d88fe93ff70eb0bd44fba1a5.jpg, 0, 1
4faee0cf759a97296896026174f74aa1_jpg.rf.58c4d3e81567b790d8926a96cacd9ce7.jpg, 0, 1
87039feef459a8cbf0397fcca17dd5fb_jpg.rf.592a38db181285f7a88660a8e92c1a1a.jpg, 0, 1
7ca7ce1a053922e401d95add4887552d_jpg.rf.59dd2d35b6813e7bbd40d9d49b6e4a3e.jpg, 0, 1
424e8a74c7a91b56d838d33719690635_jpg.rf.5b3edbe308e0cd9374fd232159028eb1.jpg, 1, 0
584b4f36b66a111dbdc47f9887469764_jpg.rf.57e3d912299183e76c2719f49e17f94a.jpg, 1, 0
88446dfd283de3a7f1a28283600c2b57_jpg.rf.59426beef0643698d79f9527eff98051.jpg, 0, 1
deepfake-src_26-ref_65_jpg.rf.5771bd0d65f90c8d6ef14a04b684a7a0.jpg, 0, 1
4f0013c721c2c540b40b97908a1aa02a_jpg.rf.5aba40065220ba149f12ced904b8f154.jpg, 1, 0
flipped_0a763a39e5e2530711d16802445834ca_jpg.rf.5ab0241083af94bcac15f85d149888f1.jpg, 1, 0
deepfake-src_11-ref_73_jpg.rf.58d1aff9102e1b852192b096cd2aba55.jpg, 0, 1
db36fa41205c40efd7822ed78e9f82c1_jpg.rf.5a017f999c41758083ef7e841dddf320.jpg, 0, 1
035cae9eac94846b713592d4c49531e3_jpg.rf.5772a64d36be30296f56de247fbed0ee.jpg, 1, 0
3f7da856f462a3aa7981cb3c97b363ec_jpg.rf.583444de1a788340ea40673f4084b075.jpg, 0, 1
9e641b221053ad5cc3280abb70e89ba6_jpg.rf.5bb0e75839fbe81418eb02f9929c9789.jpg, 0, 1
flipped_5d57249f57d0b5a3f99792b888a38a42_jpg.rf.58afe21863ba3ef4116e5f6572aea73a.jpg, 1, 0
de794ad513941c1a64a0312296885e15_jpg.rf.590dbe3093f9ba8cb52d66d37a8e40a8.jpg, 0, 1
flipped_2b544d1e96d4a8fe3fa26bea0cb0a3e1_jpg.rf.5ae83f925275e4faf95ea79560114264.jpg, 1, 0
83cdf6dab00c41792835131028a8629f_jpg.rf.58397ca38bee338a5e9472a43cd65769.jpg, 0, 1
deepfake-src_23-ref_92_jpg.rf.5c47d9b0c299607c6881d3ca197eaef2.jpg, 0, 1
7d2f92e5863afb0472fde8d9c333709e_jpg.rf.5bac8f99b395cf248be6eb14cd8d30c0.jpg, 0, 1
flipped_8a3fa8e3f7a02beb6dad3b54438ce441_jpg.rf.5bc9fa8482ee336ebf1271c08127494e.jpg, 1, 0
deepfake-src_3-ref_116_jpg.rf.59a8de52d532399f85af84c6ca6e1b62.jpg, 0, 1
e02a1287ebbc110c039ac160b70146fc_jpg.rf.5903234471088420fd98609689ee01a6.jpg, 0, 1
deepfake-src_12-ref_99_jpg.rf.5c4803b9eb2ee12efd3cae6bcd15a009.jpg, 0, 1
deepfake-src_19-ref_6_jpg.rf.5cb57d7f6a33fc4ebd531a4d2512919c.jpg, 0, 1
4dc8912b075f7e998177d1aa2668dfa4_jpg.rf.5cd589dda064f5de52d0bbef6d34de51.jpg, 0, 1
3fd2a97841aeb64bd4f13eb340e22ae2_jpg.rf.5caccf03176c8ffe1579fe5b26dc9cfe.jpg, 0, 1
flipped_0a859ed5f8467d49da02beaa44a2bab0_jpg.rf.5cac4fd26d5f28abd5a04cd7857e22c1.jpg, 1, 0
deepfake-src_26-ref_103_jpg.rf.5e7c6a96b2f047f3428a8a83c5332f8b.jpg, 0, 1
86f37c77c1f3bac45ae3582e91b39d78_jpg.rf.5d097887a85a448b120a93b02e69e5be.jpg, 1, 0
0ecb1af93fdf70fb1a30f26d2cfac3d7_jpg.rf.5d463374e9067abef8b1c5aadbf8fc33.jpg, 0, 1
96640b0a62f1f5a397a364761ac96f23_jpg.rf.5de034aa029737aff0223848332e6fbe.jpg, 0, 1
e786b21acc74f0e44013a437f2c0f1e6_jpg.rf.5d20f16d285445e4ad4c523eff003ed1.jpg, 0, 1
flipped_5da6d59aa823a70e6d9526ef52abd395_jpg.rf.5eb9ddc907cd03d9646ab1f7b07d30ca.jpg, 1, 0
1cc41e6dd61c4d935f09ec5f1df75419_jpg.rf.5e90d0f61f9f107e78a34321f47c7dc4.jpg, 0, 1
flipped_2d3813432367d5816fb4e9c6ac71b101_jpg.rf.5ec056304ae99f43fe323ffcc4e68a7e.jpg, 1, 0
flipped_2b5ba013484262c488cfd21cb4810c95_jpg.rf.5f4f56c089c650503fe01ce28bb88ed7.jpg, 1, 0
477c143b841304b9ef3f017f2528fc52_jpg.rf.5eb0746727a98f7a7decb8588db36af1.jpg, 1, 0
6090ba9c0bef4986a016e7d8ead53270_jpg.rf.5f2592500ac44ddcf6ff615e2a803df9.jpg, 1, 0
0a4493b7d96e7bb8a4b92c954d002f2c_jpg.rf.5f66884a73c709aa35030f892ddc25b7.jpg, 0, 1
62f1acec1a84c81a3e29711a502740ef_jpg.rf.5faa1c03c982932c5dc1ff43c98ee17d.jpg, 0, 1
deepfake-src_29-ref_150_jpg.rf.5fb57f45200ffdcd1767e6d8891ec5c3.jpg, 0, 1
65d12a414a33638cd4a6bcb44f6ae35d_jpg.rf.5fd1ac6a7acb517a2bcd3c3641c41e7a.jpg, 1, 0
835dff9dc1a56b8d2dbbafc2583c5f49_jpg.rf.5fc352c13dd548e3b1c756b6564b400b.jpg, 1, 0
dbc753a6265ba963b5a2c02e56432020_jpg.rf.5ff5ca9aa04aae94ae54db1284194d6f.jpg, 0, 1
7c341899247dca552d189f7ef3998598_jpg.rf.602a1c6c0691c2bf5c650409a73db560.jpg, 0, 1
flipped_0d51708ab43040a7288339343247b829_jpg.rf.06a5491b484743a242037b2b5c371816.jpg, 1, 0
deepfake-src_16-ref_8_jpg.rf.06e01992f565215af172afc27e3565b3.jpg, 0, 1
flipped_5d78e091db50beda957acefcc15f1cba_jpg.rf.070a4dce260e0b3ad46c9e6f9c613b1e.jpg, 1, 0
005f91d732ff33a19641a2dbd64be7c3_jpg.rf.076d3b9b094fd89f1525399b65ab1ca1.jpg, 1, 0
c89d9acd96d9b4f38c741d837fcd8816_jpg.rf.076fd037337d10ba89b363bbdea3591e.jpg, 0, 1
1dda115a3d1ad7f64cb0fb422ecb6ae4_jpg.rf.0646545af67fcfab2c201d169cc53bdc.jpg, 1, 0
deepfake-src_31-ref_5_jpg.rf.067cc0e35e42b4da76b16303f4447646.jpg, 0, 1
flipped_04c64e8fd77783fcf0a271e876a0366c_jpg.rf.0786866ac714fe81504c9ee89f0223c3.jpg, 1, 0
flipped_9b4b8fdfe7b95f98d9f010cf67430e2e_jpg.rf.07c12188fb108a3ec156a762b156e94f.jpg, 1, 0
3d53444dcedbeb3c2bcd378dd6c4d70f_jpg.rf.07bc81149466a1217f51f3f910129491.jpg, 1, 0
e8b0bbf681cdfb5f89142442dc97a864_jpg.rf.07c53cd0fbb6141b04d72ed7b7514376.jpg, 0, 1
21b4cee9d4e2ffb2dd4772c00d74b560_jpg.rf.075a18c0a04ad6e58e070c5b1d4aa1ed.jpg, 0, 1
25af7c59621485fc5f12c3709dee1cca_jpg.rf.078f0bbe939aa2c74aa8276e531523db.jpg, 0, 1
flipped_0d3419b06039b08bafcc3b9e15626fc7_jpg.rf.0838fddb4d65b6142c0666f2b7dd0e1e.jpg, 1, 0
862fdf0b555edeb3cdef8ba013bc2976_jpg.rf.08508fe333d045cd76bcfd283a82524a.jpg, 1, 0
flipped_0a4181aaa3913d9b28379bbd12cb8529_jpg.rf.08e5274cf238180c02cdebef52af086d.jpg, 1, 0
98da90af516ed8017e6b7788215f8bc6_jpg.rf.088573e53247b1891a64d17e742d70dc.jpg, 0, 1
25fef4998b499c5881c23ce093b41541_jpg.rf.083598e263a50a41ad45acccd08fd6de.jpg, 1, 0
2ebf5752d9789bf31e03e185484eb603_jpg.rf.080fd0cf6d34db5f40337ff8f165f584.jpg, 0, 1
7b84bff069a4f540a66d2399750f2af1_jpg.rf.08b2f99977603ad2cfb27be4e34ea947.jpg, 1, 0
0cc64b588b78ee5f641b7c3188f04981_jpg.rf.0948fb50e69f1e08feef17e99144c46f.jpg, 0, 1
77fcf7bc69fc9cdb704be3a5f42d826b_jpg.rf.094790e15ee7be8041d1258e69df7ff7.jpg, 1, 0
7e5d03c02bbc89cac150a3be1259d5ee_jpg.rf.09496afe9578845524619c3e32ce3a56.jpg, 0, 1
8eb4b393ef825e7a5984083ba69ba3ad_jpg.rf.08e5e23c88c6654a0e71bd4b83f64db9.jpg, 0, 1
flipped_4f77bb708c6a22da8fa300c0cadf79c1_jpg.rf.0673533105b9822da3edd200dcfaa23b.jpg, 1, 0
96d27c87fa68b062c229c8c75e1edfea_jpg.rf.09564d25b26a5b06fd1f371967d6cf63.jpg, 1, 0
flipped_4e3ebaa0d414ffaac6fa4852ac8b1778_jpg.rf.0a190d6245f5b6c7d37c1aaf9b37955f.jpg, 1, 0
45d0e6cc63a9251540ec79677b533e57_jpg.rf.0afe14bf38104eda0ce17e46a0d59e2d.jpg, 1, 0
5f699e58449722fe2e1914fabbaeacc0_jpg.rf.098cf31ba4fbb49b97e87faaab70eca9.jpg, 1, 0
78523sadf15dfad132-2005-_jpg.rf.09e250b995f53bbd3072a1697c8821e4.jpg, 1, 0
dcd0898aa1ee2eee6a285a04e479cbc6_jpg.rf.0b0435a8b08df21c210c4e05263c1c40.jpg, 0, 1
deepfake-src_5-ref_73_jpg.rf.0a4323f63fe3d189b14d67d4a7dad51d.jpg, 0, 1
89fed626d845c90ce1a1649e934a52db_jpg.rf.0b229277666f25064d58d0fd514961c9.jpg, 1, 0
1be5969996f1d9aeb27fe02d526e0107_jpg.rf.0a96718dd15e4238f2a1c60c6b865f0f.jpg, 1, 0
00ac60e1c9caca17a8cc90e67902d8bf_jpg.rf.0b4fc656d36b518ab02967df9d778fe0.jpg, 0, 1
flipped_0a960a6c3abe753badf27fd3ba3156a1_jpg.rf.0b9dee27f99feb546a4809f81c6ae9e4.jpg, 1, 0
2ed6668f46c32b966a28b8267d604426_jpg.rf.0ac4cb2a189cd1eff5f6a6d710778d27.jpg, 0, 1
6b83f8845c122a058c96c14bc0a975f6_jpg.rf.0bfb39c73b4f3b2b9d7e8318d5c6f0e5.jpg, 0, 1
d8edd8eae5dda8f3d1248bac366d1b85_jpg.rf.0be9a65387ae648f44842f6e1218486e.jpg, 0, 1
flipped_1dffa9a8b8aece1a011242389eec0be9_jpg.rf.0bd8bb7dfe67eb49e68d18fa8f3b8d3f.jpg, 1, 0
28d988dfa2984ba46050bae706cca657_jpg.rf.0bf7f491ebd86454e630232e030e9527.jpg, 1, 0
78523sadf15dfad132-2000-_jpg.rf.0974deff4d42a129fcf51c78c8702d98.jpg, 1, 0
8a46f18d199605b88137bdd501f4e5cc_jpg.rf.0bc5fe4b7822c1a1987ebca9993875c5.jpg, 0, 1
928f1f8c3c53bc8056653892f0510b02_jpg.rf.0b8317184f15ed8dad1163ea21551f4d.jpg, 1, 0
4ef62d042fb2442164e377cec5791fd9_jpg.rf.0cacc92b9b455bb82d1b288c23d06e71.jpg, 1, 0
316bb80e84705aad4588a428145dbf25_jpg.rf.0cc98e7f758c6bce2803866dd788b08c.jpg, 0, 1
deepfake-src_11-ref_25_jpg.rf.0ccc236bebd3083055e8364ea9b7af22.jpg, 0, 1
05c0a5a8b99345dec169a273f09cdbef_jpg.rf.0d172c568610966addc254619e35ffe0.jpg, 0, 1
deepfake-src_31-ref_39_jpg.rf.0dfc10c34108906aa9b853cf0a44b022.jpg, 0, 1
8b05b79c45d2eda0d283f2ec0f477c1a_jpg.rf.0eb491f159e3bd707d2e9e060d6335a9.jpg, 1, 0
d452b8a53fd5259c4d34bc5dabe1ec57_jpg.rf.0cf41a0b954502e6c454783ccbfe53ae.jpg, 0, 1
flipped_005f91d732ff33a19641a2dbd64be7c3_jpg.rf.0e049b1d550b001c47fc7ff104f1cd4f.jpg, 1, 0
153b723158673b4af670a920ea76b5f3_jpg.rf.0d6ad220dcab84f0df08ef93493e0bb0.jpg, 0, 1
flipped_2d3f9e9cc3579a5f4a7cec5716d00a2c_jpg.rf.0d95b77b1825e4f9fe32a3a42e7bcbc0.jpg, 1, 0
deepfake-src_34-ref_109_jpg.rf.0e0abcb5e1486505cdc416ba68bb23db.jpg, 0, 1
deepfake-src_17-ref_39_jpg.rf.0f8d7184b1507e5bcc16966c38ec4b12.jpg, 0, 1
deepfake-src_32-ref_109_jpg.rf.0d4778406f279969ac99bdf3e99c7ec4.jpg, 0, 1
7f20290ba987adaeaf893711e7897cb8_jpg.rf.0cd986b987b95cfcaa1811d197909daf.jpg, 0, 1
60f38b7f4625b5423f6999060895e0cc_jpg.rf.102f3aa100ac3547a820a06c644ec9c0.jpg, 1, 0
flipped_00a1088d4fe253ac3a6e146ead74956e_jpg.rf.0e8bb83a52ca37f27279780209194ddb.jpg, 1, 0
62b9bc7e3aadc880f7330096a1c0a93a_jpg.rf.106404f43d13924b91340a5fdc311299.jpg, 1, 0
5dc35328c3ee8dcf0b2c16d1a9d7a620_jpg.rf.106dfea5bbd0f7c048fff231a4caf016.jpg, 1, 0
4e29adf91945236bcb0c94ea30a98c80_jpg.rf.10a6433331963fecdac53b2390689015.jpg, 0, 1
6b07189615f97b1e555359c5d1598e81_jpg.rf.0ee5653d03dbb38810c0add8118fcc7a.jpg, 1, 0
97956cb8a584b3c3099a8517ee79d42e_jpg.rf.0f9320178885dbbecba52609039cb1f3.jpg, 0, 1
10bdb841aae15598ab91d011eef2b4d3_jpg.rf.10156c4fa50f64487911f769b238875a.jpg, 1, 0
8eabfa2b75d46c0e6d6f1aa278794f10_jpg.rf.10855ea822ed7df50cdc54cbdb7da256.jpg, 0, 1
78b0eaa281fd9d8defb0aa963ca5ebb3_jpg.rf.106a3e66736c3b8d9a3ef3dcd6086e3a.jpg, 1, 0
c473ae1a12a1a9fc0342252dcdebd2a7_jpg.rf.0fb44998b99be985d6fb315d81cfe07c.jpg, 0, 1
63a01086086756e2c04b8c1391b962d8_jpg.rf.0d15a1b164487f9aa6aad5bd67fb2eb8.jpg, 1, 0
flipped_0a556e0d90f5c430c6256b11140c1eb4_jpg.rf.110fb72bf845565118bdd7b6b1e4d14f.jpg, 1, 0
flipped_0a2411eca977abeca866cc88a93e134f_jpg.rf.1122b55dcac7ec855a0702c109c732d0.jpg, 1, 0
97346a65745372190be6772b9cb14aeb_jpg.rf.101100e0e18579eafdd63e67d5cd8f9b.jpg, 0, 1
flipped_0a408f2497ac758aa20e125223c5d413_jpg.rf.116bdb2b4d94cfa33bcb4e5d4d53d763.jpg, 1, 0
flipped_0b50de4c8c1cb7799af89ad934f5a56b_jpg.rf.1221694310916abd1a321bbafbeda5bf.jpg, 1, 0
3ac0f5efe2f96313cf2bf1a2e235e0c2_jpg.rf.1123cf3288cf0ea8b81ae048b3e20929.jpg, 1, 0
deepfake-src_12-ref_147_jpg.rf.128290f659a09872999060ac985aa0da.jpg, 0, 1
3ad68054ec4f6f4fe075b87e1d185823_jpg.rf.128edc368c4ae6d3c10c3d3131bad9ce.jpg, 0, 1
34d092c873c4e1e6e11dab82f766eabd_jpg.rf.11b99432a636b7fc104c3a33a8f4e7a7.jpg, 0, 1
c6166905d99dedf55e1814c3bd97df86_jpg.rf.11e27cd2ae49482161c5bf61a5531d65.jpg, 0, 1
0f597462cf9218dd2f378690ba03097a_jpg.rf.12def5c2d364e9a0fb90fc5c5ea38f81.jpg, 0, 1
flipped_6d28e896ccacb15daaa74a7be32c238f_jpg.rf.11fc2ede1bcd870ecdedb9a1fd315287.jpg, 1, 0
78523sadf15dfad132-2001-_jpg.rf.115bbb91443ec8279d829010a7321b3f.jpg, 1, 0
09bda7d560fe2cc3ab4f0ed31e12ea38_jpg.rf.12aa5fac066c79a94e5cfce3d18decac.jpg, 0, 1
813b1029b9e0dc1c0af8ef6dd8045b2a_jpg.rf.12826f1fe49455cf923612860ba84039.jpg, 1, 0
99e75786728339378f811421f01a3231_jpg.rf.128e657ecd036c5f7899f11fe0723ad1.jpg, 0, 1
deepfake-src_9-ref_82_jpg.rf.137c0421c1bfc03b999e6ac99813c41a.jpg, 0, 1
flipped_1d0c646327d9a6c594687f1b0978fcb7_jpg.rf.13b867b56cd263c98ba3278a83e8cdb6.jpg, 1, 0
bc513bf319f596423ea1e719a338a5c7_jpg.rf.1298eeb446fb79f2e99f0210640e827f.jpg, 0, 1
5e86e8d6b9106440c36ac99871597ba0_jpg.rf.12e30be0dd35449f2179fca613dbdc77.jpg, 1, 0
8da18f0646b61e6fcfa2b61a395a34e4_jpg.rf.138232364ed15a433ac1d2b3a5b53202.jpg, 1, 0
90d64ea25004a2ea44149a7bb7914a1b_jpg.rf.11ce7cc7c7f583a87edb37817b4ac9c6.jpg, 1, 0
4d03e5b773726e11e25db11931fe2f20_jpg.rf.1382be81977974816c4f09d5ed8c698d.jpg, 0, 1
159a00a80899c21d61a091a9078fb33b_jpg.rf.139de7cafddcd0e9aeeecc273af9ad06.jpg, 1, 0
6b1f3a978dec16db1c8d54b7f131f788_jpg.rf.13de044cf1fecbb305de562093ed02ea.jpg, 0, 1
6c7115e77b834ec8fbae13f66564e47f_jpg.rf.14418dcc5142574e65b75ee178535399.jpg, 0, 1
deepfake-src_7-ref_16_jpg.rf.140338fc293c8f15921e37d715143956.jpg, 0, 1
flipped_0e1051cf0e1e96750ef62b3b44a193cf_jpg.rf.12599de13c051be1cea3d9a3c48d05fc.jpg, 1, 0
flipped_3f066f57d43367d72319a958d78d96bd_jpg.rf.1350be4610abe849469568169b968c39.jpg, 1, 0
26e9f7a4221e2c0c446f419b3f831c6c_jpg.rf.143d02491ed8568a28bb22498205645a.jpg, 1, 0
2dd4517232aed8756c7c5fb79e4214ac_jpg.rf.143853d2d00a261fc074b4b2641aa731.jpg, 1, 0
flipped_7b2674c70cbd0139ed429151f2f4febd_jpg.rf.145ce4cc5c4786564e251f39bf32373e.jpg, 1, 0
ccac6cb2ab0bd4264f765808e136c90e_jpg.rf.146410377c3a9487c8172144d13fb778.jpg, 0, 1
deepfake-src_14-ref_13_jpg.rf.146414a2671d12202b0f764470264772.jpg, 0, 1
deepfake-src_22-ref_40_jpg.rf.1465c826f153b30258d42948ea794ade.jpg, 0, 1
48caf416a4863ccb5b34731149c58567_jpg.rf.1490d580855c0c0f5838b534e0638683.jpg, 0, 1
0a685fab4d9af1b26da6cf74754b35dd_jpg.rf.14e7ce734e58d2b516fe861dd5a5a3c6.jpg, 0, 1
108be6e749fe16ad9f6112d907cea45c_jpg.rf.147a47133fd5ac2ffe25b1302f5d6af5.jpg, 0, 1
9d22eb099769aa4fa2df302c373364a6_jpg.rf.1506bc1f94083001f1f53af54947ff39.jpg, 0, 1
1230b9be7ce8b60a2921f5602c720595_jpg.rf.149f69d3ff0253544aa4078ae5852b72.jpg, 1, 0
deepfake-src_21-ref_73_jpg.rf.16914bd2725bbf5b67237d09cf2e5be4.jpg, 0, 1
97a228ab7152a6a517b2b0add5ef5ec6_jpg.rf.146eee01a715b0cbc5682cea4bf29e69.jpg, 1, 0
d93a41da0fc7ff87304191f4ffd39853_jpg.rf.14e39d14de97b57765012b977e32f372.jpg, 0, 1
deepfake-src_16-ref_11_jpg.rf.16840b46c5c882cda455b3e7830a64a2.jpg, 0, 1
0b4c3717803c8bc53ac3dd0da2d1cb4c_jpg.rf.16764f22d8bcb2523176845e2df876d2.jpg, 0, 1
3b91e74ab4d30366010006821879eff9_jpg.rf.15151bf74245b76aed07334dd2e39480.jpg, 1, 0
1b908424dc11a526112dac94210d3f07_jpg.rf.16b93e758afa14da7d8d128c81b36610.jpg, 0, 1
123ff54db49301e221e70a380c0b5e7e_jpg.rf.16e6b77c2e807cb2001e3dc5a7c29851.jpg, 0, 1
044afdf751aa68dfbf88db865f477f39_jpg.rf.1662e619e3f2a682c73e114ae2f2501c.jpg, 0, 1
0bee28b6ebce2366fa9e698b0a2ab986_jpg.rf.174143a3a1aa85f52be090a969215d84.jpg, 0, 1
6f767b996befa19d677bde0fc3005188_jpg.rf.15cad946367b34a832c862d10c6f2402.jpg, 1, 0
3dd26bff1e17d4e818c1d20bb3a6c2d4_jpg.rf.16a921bf28b4395ad3fdd2a5201fbfb7.jpg, 0, 1
85bfabced1409404a9b8c82f01187789_jpg.rf.15af87b9a3093bc2d4b9d7c6d39882dc.jpg, 0, 1
flipped_0a0987c86ec0865858c46beb8a753568_jpg.rf.179e5a2d77718b4bf4b2bf0ff400a444.jpg, 1, 0
deepfake-src_13-ref_5_jpg.rf.175b12e53dad2687c9612b91f59f6251.jpg, 0, 1
flipped_0a96fd53f94215d1124acbf304ff884d_jpg.rf.172726d400523e5a7ebf4a6f97783dbf.jpg, 1, 0
18fe1aa857ac53beec1751e64acd28c5_jpg.rf.17c0f87aa25660180e75a4348676b6b8.jpg, 1, 0
97b2bd718575480d94a26de060659632_jpg.rf.15feca9485af6335d457f7142b1d09be.jpg, 1, 0
231fadf35506726d5c539f743862a03e_jpg.rf.0c41f7c8fd591a5a70560ddc2a05106b.jpg, 1, 0
375fa318e072ad4a9f651ba238589fbc_jpg.rf.14ba813e8fd24f9ad9a184b3464cac57.jpg, 1, 0
deepfake-src_24-ref_116_jpg.rf.17cc93ac89971644922d91198a609650.jpg, 0, 1
89675c1bbca0841ed7cc652fc387070f_jpg.rf.17f6d5108f4af1f9f7f6a0f494d062cf.jpg, 0, 1
0ead3aa88c8db17d63933dcf943852a7_jpg.rf.189c4a340f5f7fb38540901b3365c311.jpg, 1, 0
flipped_9c86a12ffeebdc38e34951dd99517824_jpg.rf.1a25bdfb118107fca2ed50f2e18b9a61.jpg, 1, 0
85e4dda6da59d8e04358c5853165930f_jpg.rf.1806f2051b8dd0a634f3f76c1f19f9b6.jpg, 0, 1
0da75440c16df35b9c31333927251a1b_jpg.rf.18e49a525b1ea643979dba2b91954365.jpg, 1, 0
0bb9c867f787b3905e59ed78ce87bad1_jpg.rf.19040472da97c29a43a303ddc94d4247.jpg, 1, 0
7164e9002b70d4555a7105c47086ee5d_jpg.rf.189d05b942975e5b479f02be9b229d36.jpg, 1, 0
flipped_000c40d61503510c13deb72a18a7894a_jpg.rf.17feccd396c0482829dcd48b923d2278.jpg, 1, 0
e23bebb9047812c7bf9badf9f914d37c_jpg.rf.19a41c9d72702d2d6d539fd5b7034bac.jpg, 0, 1
flipped_0a3063b18e079d201431b84ffb9c1faa_jpg.rf.1927350125a0cdf377077c08f2c0e584.jpg, 1, 0
144c6084408183b45637f774357356e3_jpg.rf.18620ca8b3c27de0e9a01b73a1e85ca5.jpg, 1, 0
9e0274a020e996c63af259afd69ae2f6_jpg.rf.193e5c9377675aaade2064eec5b5692c.jpg, 1, 0
6b8efe3a2f37a2e55472500318aec68b_jpg.rf.1939c07c7991de002fc82d9c0ac6e0e4.jpg, 0, 1
flipped_0a2116d02fb90a7c2fb535a78399fda4_jpg.rf.19e8375196529c1c789cef2537e3d003.jpg, 1, 0
4daac80d1d210d45b1bc4e0421b651f2_jpg.rf.1ac98ceb6893c4aba56ca2a3fa7a547b.jpg, 0, 1
4651ba92c9d9435859a4a3f4930c50c6_jpg.rf.1a23c8f9a5d557ec3460e568b88ec520.jpg, 1, 0
0a7090cd6db9c83a243bd20cfcf4a235_jpg.rf.1adeb638273863dcaca91d9a7d089788.jpg, 1, 0
c528d1bae185ebe5567faaaa2e53b7de_jpg.rf.18ed130b48e3ff7e9c9e7e41d620728d.jpg, 0, 1
deepfake-src_34-ref_141_jpg.rf.1bb066cf0b7578ad36e51ff52ba9a3e9.jpg, 0, 1
6c15eba9baec0973a4a053fb5f640230_jpg.rf.1b06ba6f6f809c020f96e0c585f65a64.jpg, 0, 1
2aabf3c7f4314f0565113e11230c2f20_jpg.rf.1ab6b0dd7b9ef7d0929e3193cb17265f.jpg, 0, 1
0a1656deea0f8c978c974e8307efc7fb_jpg.rf.18405a1211ae79f47d7c90e284c53cb5.jpg, 1, 0
16d6d737c8e89bdcca9e8f7d25754391_jpg.rf.1bb0ca301c4d40696e459947e05c91b3.jpg, 0, 1
deepfake-src_26-ref_135_jpg.rf.1ba59d561992338d9f35780804a11547.jpg, 0, 1
383f87467a1ee2a29cf6e6ef5f3ac4e7_jpg.rf.1bbf6dd9210062a150571e34dd989847.jpg, 1, 0
5b16e8a9b977f320bceab3673dfd435c_jpg.rf.1bcd80f036eb7b9b6c456087b7b034da.jpg, 1, 0
872d68d4cf2a7dc5689305117256bbea_jpg.rf.1be11e0fb1ee115b651a06964bfc7cab.jpg, 1, 0
6ad6d76d977c865775f3d255a80e5a55_jpg.rf.1aaa70d48ac249ec7247dc887d5d40aa.jpg, 0, 1
0a6013ae9855b9e593dab9e9c4929f53_jpg.rf.1cb41e5cdc444399da2cc6a8eaff5296.jpg, 0, 1
ce164c42120c23330c715d1624916b60_jpg.rf.1be59d97221b0212fc11b125c34f7ae9.jpg, 0, 1
1885c53f9ff34c3ef58d1cc7739c3944_jpg.rf.1df4872f4b6885938c439944d475553f.jpg, 1, 0
18db016599c07471012b627122dafa58_jpg.rf.1e98091641a92bb6e25d67dd5c53e9bd.jpg, 0, 1
deepfake-src_25-ref_124_jpg.rf.1cf56977701c500ce6607fe2774f1d42.jpg, 0, 1
deepfake-src_11-ref_147_jpg.rf.1c077a5d1d1f08e5af118038e148f812.jpg, 0, 1
deepfake-src_20-ref_142_jpg.rf.1e331b0b436a597bf756136518b7743d.jpg, 0, 1
flipped_7b5bc96f052fe5325502de3a3ace365e_jpg.rf.1cd1a0364689232061727860b179dce3.jpg, 1, 0
d63d733190e14be91973a24e3cf09547_jpg.rf.1e32556818dff7b6e4cfee20c70d2e6f.jpg, 0, 1
flipped_0db9877727a771dd983619d4097b0372_jpg.rf.1c0b63db370acb1ba77878b9e94d5815.jpg, 1, 0
d8c848a93939a4e88cc1dcee6a89cd9d_jpg.rf.1e406716115eebba00f4ea873946308a.jpg, 0, 1
5dffa134ae65d4714800318a2ef54daa_jpg.rf.1eaa7976d999958176b07f1cbf241fb2.jpg, 1, 0
6ea8f23e5a064dcaf81cda412622bdbf_jpg.rf.1e114fe4ec67b663069c86452bf8321a.jpg, 1, 0
deepfake-src_31-ref_75_jpg.rf.1eb6f85f7f89a55bcbcf4a9c3a3b194b.jpg, 0, 1
8571ee615772ca5e9e12204c2e84eeca_jpg.rf.1f416dcdfb26dfb3ee75eef39f4d470b.jpg, 1, 0
d98e5777bf46c40b8dc01b4296348195_jpg.rf.1e9b20bfe8c6c906a501787e008c7076.jpg, 0, 1
40ba3e0526996db0682a602faa75e00d_jpg.rf.1d65e1c4c01702cdecf23b705d335b9d.jpg, 1, 0
flipped_4c1028c5ce182b59186b34bbbf9ae546_jpg.rf.1d8ea15f3b5a43a4bcef176e0928a95f.jpg, 1, 0
dfdcbfb228017ef1b78e2d76438bade5_jpg.rf.1f401d0e1b98f59d030d89b7739d254e.jpg, 0, 1
deepfake-src_22-ref_126_jpg.rf.1f5d1610fe6427461eececb3b8cc70f6.jpg, 0, 1
0a993b3576b8bef012d5a914ef229e4d_jpg.rf.1f6f9ed0cdf29974acba0fb271772fec.jpg, 0, 1
flipped_0b317a1a0096fec31e0a2ea6e2870dd7_jpg.rf.1f712d5f5abc8546c315d6b0962eeec6.jpg, 1, 0
deepfake-src_21-ref_113_jpg.rf.1fd819c56f4a9180aa0e0308adc3acd3.jpg, 0, 1
e8b9ebf337771b82c3e864f9cd3da475_jpg.rf.1ffd5c79820f2a68c5596db3822741f4.jpg, 0, 1
5c11677b35ff4c44a4e45389854e19b8_jpg.rf.1fd464105d7e877e72ce28dcbee3d560.jpg, 0, 1
13a9afb5481f49136a713c3cae7fd717_jpg.rf.2089ecab4891c404e787c913af00a552.jpg, 1, 0
2032f9dbd2a923b8c27ce4829f756935_jpg.rf.1ff4a8ba468bdf93c05d7005ce1c2120.jpg, 1, 0
0a763a39e5e2530711d16802445834ca_jpg.rf.2012c1079bb11155ea3fa7a35f912047.jpg, 1, 0
97aa1ab79898e8a67955eeb6982d47a8_jpg.rf.1fbbc62adab482ac8c79d63d2f4138f3.jpg, 0, 1
391d23e2de25dbc8ea763c5af57e3f52_jpg.rf.20451ef609ce85eaf25c89536ee6240d.jpg, 1, 0
78c673d63a4edabd11082225c9ea1433_jpg.rf.21ce6a882fbbdc69597274721adc4cf3.jpg, 1, 0
ecf57da79255f3ab079101a8de96587d_jpg.rf.21228a95035547b73c915bf373d08bb8.jpg, 1, 0
000c40d61503510c13deb72a18a7894a_jpg.rf.21b54337bf74124daba3bd58be583a54.jpg, 1, 0
c55cbe37c9d0796fb9f9934c3de828a1_jpg.rf.21b231f9e21f14a1fa552b8bd403c331.jpg, 0, 1
df040e9ed4abe2e2897e622a99d1b474_jpg.rf.20a3103920ac4532b1b62c46c82e69c0.jpg, 0, 1
1a1f86c629f265c1018fc250566f7a2d_jpg.rf.210568ab4878135e81f599ce0b4ef41f.jpg, 0, 1
flipped_9ef6d80a39baefd6a9566cef29bde2da_jpg.rf.219aff151affd57ca354ca9a02cf59bb.jpg, 1, 0
1ceafeda0527e15e7d3a837dfbce333a_jpg.rf.21251dbb2d672ce1b0145f019838dc3e.jpg, 1, 0
3d2c52825a01c8ec9d0c652652286329_jpg.rf.215fc6449221eaaa464d1322909559b6.jpg, 0, 1
de350ce9dd6f5729065ed5c9538c8c84_jpg.rf.200e14bbb1281d8e8e9bb54ceedc52d5.jpg, 0, 1
7f950ec1bea599c981d89d977db34e01_jpg.rf.211b904bd5673dfbbde1a82935444fe2.jpg, 1, 0
87cb61600f7bc63dc3fc2cef4703c560_jpg.rf.2173bb40bac138c6d520359374c6ad52.jpg, 0, 1
flipped_9c5bee96cb2fbafdd2b08bd215ecb659_jpg.rf.22ce6b9d529e92f65fc1360ec6469eaa.jpg, 1, 0
6c2461bd174c64a085c5dd58a6457758_jpg.rf.2048d368185892e318fe2d6a2600f632.jpg, 1, 0
deepfake-src_6-ref_5_jpg.rf.21f0ca450054da814e1e8a312772bb6f.jpg, 0, 1
flipped_1a861d5f6695f7d47132fa2730d19de9_jpg.rf.2265a635255c06adcaff457e44017861.jpg, 1, 0
d946c6772fe4e227751dab04b4568af7_jpg.rf.202d475bc71ce070f2e2414b0adc3f4e.jpg, 0, 1
2aa0921541f7a7f10694f4170db3b18f_jpg.rf.21ea45cd665fdb02462ac0fb17ee415e.jpg, 0, 1
1ce2ad0a456b31dd41593a94f4c804b0_jpg.rf.1fe5a37af67010fcef14a1c8b13045aa.jpg, 0, 1
244afc46b74f3a2d2580d4dd2d6534a5_jpg.rf.220c3926803d8207d37bce2bb31418ac.jpg, 1, 0
deepfake-src_8-ref_148_jpg.rf.21d1f047d9702e036efefd0d36da4ea1.jpg, 0, 1
deepfake-src_16-ref_28_jpg.rf.22e496f5882993f27170e50eedad0a72.jpg, 0, 1
c52b3031e1f9faf0a63ebdb845ecf0b7_jpg.rf.2328cf04cfa9f37a5e8f8e7d74078fce.jpg, 0, 1
c97c7348f470b45d2a3ce3452a29ee93_jpg.rf.2309634bea09128a102d66d699c99034.jpg, 0, 1
deepfake-src_33-ref_39_jpg.rf.2334743920f2393aabe4f53165ffd5d9.jpg, 0, 1
6a1c0490bdf3e7318f8e9d4a1bf92ac0_jpg.rf.243b383c3d3eceb720c28b2d55a3d357.jpg, 1, 0
1f3529b5b349b91aa6f642da07ee5fb5_jpg.rf.237f83aa94602491c2128110ac0bd82d.jpg, 0, 1
deepfake-src_5-ref_53_jpg.rf.24e926ac6506b1eee6c666cdbfc28851.jpg, 0, 1
793ad1f0c93c5bebc2938d856d05cd96_jpg.rf.24fcfc535e27aa1cc9d822e6f060f0d8.jpg, 1, 0
deepfake-src_32-ref_10_jpg.rf.22e1cef93439b2e133e7fe8460f3f915.jpg, 0, 1
deepfake-src_15-ref_121_jpg.rf.2346f018a8fddc2ee36bf3aa3ccd854a.jpg, 0, 1
3c39a35662902baaba430b2c43413ac3_jpg.rf.2472274c6bb6be0158db4cb08f31529e.jpg, 0, 1
96da7e20e32f844993edf36679d10d9f_jpg.rf.23d4c6a5e8f9ad02d59ad15dea52ca3a.jpg, 1, 0
6cafc3e57e9a4b013b5fed4296b7fbe9_jpg.rf.23c301cb1273bec03e124df4a54c4097.jpg, 0, 1
flipped_1bf0a212cc6307755db69c8fdca3e673_jpg.rf.25d782eb1f5f07a8fd2f7bf3ab037cd9.jpg, 1, 0
c6edeaf5a9473ebff11d5ae2aff33533_jpg.rf.238cb2d4cd3a44dba41f2e4acaab6e7d.jpg, 0, 1
0f5dd2e915bf22fef4575915831bb703_jpg.rf.270513e60baf99b010edf7ff1b303db6.jpg, 0, 1
flipped_1bd7ec133b7749a14a1719e97892246e_jpg.rf.25dc6542078076330bdb0624507bf433.jpg, 1, 0
3bf8fc62ca998ef59e1688ba89357909_jpg.rf.239dbc6a5ce0d5fda0926746f6cde401.jpg, 1, 0
59f43154e807cdd90c247d149c9d36ed_jpg.rf.268d3a035868ff0db80b46b9b269da93.jpg, 1, 0
flipped_0e1ff27892fea73d06a3b6258642d5b9_jpg.rf.262936adc6709eb86bab82cbebc2b0b0.jpg, 1, 0
flipped_6e2bf5179c5dff9083dd256f75a9bb8b_jpg.rf.2386ac054ebbaca8b7996a49d55d4e3b.jpg, 1, 0
1e6901883ae4966498d930a4f2026cd1_jpg.rf.2573b57b0c5eff9cedb2423eacfa9dc3.jpg, 1, 0
flipped_6d3141dd7d86728f1a6c574c9576857f_jpg.rf.254574756b12b6d81fbc1e232334f647.jpg, 1, 0
deepfake-src_26-ref_125_jpg.rf.27818e86185fec25fd2c3e1d213c90b6.jpg, 0, 1
flipped_9f1795c11616356ea3ea537545da6015_jpg.rf.272ee2c2b101a94f087fc8b9ffa44740.jpg, 1, 0
634c9f5223fd21d5bd12669559253d96_jpg.rf.27736cc600500361ac93824dd9fb60d2.jpg, 1, 0
8fc458bb0857d0237f9626b2f0e52acd_jpg.rf.254b2aac8f0e903d86e668a97751f4fc.jpg, 0, 1
132a78d725d76a2f98817b05e5896485_jpg.rf.272cfda0949ce4a7e83f75005d89a888.jpg, 0, 1
deepfake-src_33-ref_114_jpg.rf.258b3c1f25ea7d49c704209405a1e1c6.jpg, 0, 1
cf3a2fbbe7656dbc935485f1bc6f58db_jpg.rf.2755251d73a4a590ee6c4c206a7b23de.jpg, 0, 1
0a422e16d8915d84387ce1882991f9e7_jpg.rf.26348e3e69db13909266b8ac541a33f6.jpg, 0, 1
87ca64eb994686dd5bb1f2d7f49f95d7_jpg.rf.289f9b58146854ed1ad78e781f904aa3.jpg, 0, 1
flipped_0a349d69b4dce98d92ae625bc86a4e5a_jpg.rf.279426fa88f7bd20d145b93a7b9c7b9c.jpg, 1, 0
de810b4144398bc9a4648a88115c7fea_jpg.rf.289f4714e0ffc9c99270294ef186e1ba.jpg, 0, 1
5fc293a2bfa7a44a8ca5f2c0cb5aa1b2_jpg.rf.287b5205b3943fe560de4c929b44024a.jpg, 0, 1
1eef93ecabf806676b3083abc09a8230_jpg.rf.2a09fdfdfbd788ff3ceb986706c3954c.jpg, 0, 1
flipped_3f49c7e5c716a448d769ff2938b735c4_jpg.rf.28e4daa4b73de0f5d147f53c9fd2de1e.jpg, 1, 0
85558dc42cc39dc69b34c36efcb2fd76_jpg.rf.27911d152ee354c8a03ad5c1ea0d1715.jpg, 0, 1
deepfake-src_4-ref_133_jpg.rf.286bb0c2d23bf65aea2665d186178811.jpg, 0, 1
0a871b6709988de39b8910d721eb24f2_jpg.rf.28bae79088ffe0af6b6ad72af0a6bbeb.jpg, 1, 0
007dbf9a2021d4608dcaba5d26e71ec9_jpg.rf.2a558f4d5db68497814d77b274662bd2.jpg, 0, 1
c76b5419c167b3032608f51b4e51af56_jpg.rf.29ded4555ff5eacfd949e262f00c8b5b.jpg, 0, 1
deepfake-src_15-ref_49_jpg.rf.27e39c659bace270cacdef836f420a8f.jpg, 0, 1
2b384ac6914f797c07e0f548069eaea4_jpg.rf.2aed66ca6c5fd6b07d0f86b8c52671fd.jpg, 0, 1
flipped_8e63f3769ddcd35ee201a851ebcedf97_jpg.rf.2ab31a7b14fe131390f07035aa7d568d.jpg, 1, 0
flipped_0d5a351c0b5533d184c050b942ea925f_jpg.rf.295130880ea58431dc1b4f3a8690ddea.jpg, 1, 0
4b48ab177a7fb0ba57c705fc82c1cd6b_jpg.rf.289e2cc0da00df759a36a19e50bcc64e.jpg, 0, 1
bc958f62766bf5a669a1634018d62bb3_jpg.rf.2af5c417e7a37b011d7208f904dfce97.jpg, 0, 1
1ac84d274824f0ff786e32d478546a69_jpg.rf.29bf015ca8fc4fc620794e370c8f7246.jpg, 0, 1
97e1a5491fb9a6b197633df450815aeb_jpg.rf.2aaa448c90b8e0d8432371a89d12c459.jpg, 0, 1
c6d6bce865e6b29949086a6bb0587f19_jpg.rf.2b838e16abdbee6b2a182a8e78b55bf5.jpg, 0, 1
0ee129445acbf9d7a6ab9292eefcce1e_jpg.rf.2b6da332d9ada181bc91c67f2ffaa7e6.jpg, 0, 1
77a912bd746f0484c6492a86b9a5007e_jpg.rf.2b93b203975fdf9b97964df1aba658fb.jpg, 1, 0
deepfake-src_33-ref_51_jpg.rf.2ad3aa485c660dadc299ce5097d12d2a.jpg, 0, 1
9066f891a7b4cacd05c403c46ebbe483_jpg.rf.2b29161de76b01f1bca6186444e8e9b1.jpg, 1, 0
64e99c369d5dc121ed7318e2f086ad6a_jpg.rf.2bdbf1b646f9666baedccf5a61752677.jpg, 1, 0
3c9cc00c9fe3345d1502c4b37fa49083_jpg.rf.2b8d1adc0a6f78e64ecf771e26caff83.jpg, 1, 0
7ac4bba2026a68645575546f574bb6a4_jpg.rf.2bc414d442bbab7379171447be9afd7e.jpg, 0, 1
0a461a9e369be33ac0ceb4641d394523_jpg.rf.2c04d3a39a27a9ac1c939139328679a3.jpg, 1, 0
40a66eaa616032177d2c96b85714261e_jpg.rf.2c20b59d5e637fd09a33f5585bb6a5f3.jpg, 0, 1
flipped_2e164c81c2c79191237a1538c0358f8e_jpg.rf.2cb71a6d29aafb044f4d838bfe2afe6e.jpg, 1, 0
flipped_0ce63061f03954f0efe22e9fb9808abd_jpg.rf.2c7f47eef595030667dc270127a9ed2f.jpg, 1, 0
300a994058f0e6195522e66dce422591_jpg.rf.2e39753937cdcd65406801c7427ac0bb.jpg, 0, 1
19b198d5edf374aa74c801d2444d1c64_jpg.rf.2c3f54a7ac3592c3e3ca4caefc5a8fe6.jpg, 0, 1
3fa56e88804502a384cd4dd3b3f84bd3_jpg.rf.2e05143a599efc509d170091e092e564.jpg, 0, 1
c9ce9597e6213b2d79ad3495e7ffb9ef_jpg.rf.2c0d202d5feb529338dca588538fae55.jpg, 0, 1
flipped_06a7a2f041a33a9fa4341d6847f8f71b_jpg.rf.2e86e8b8889a254b84eef25813722496.jpg, 1, 0
030a4031529dfea4052c2731b9e9afb7_jpg.rf.2ec8d34f4a24f9cf2fe7e5bdb1216a7a.jpg, 1, 0
0a543fb117ce39cde6631fe5069c47e5_jpg.rf.2cd42678cf571df239c7b550b2a48fa2.jpg, 0, 1
977803c4b0f44bf937f1f7f66ca46740_jpg.rf.2c0979dd1ad0a12eff98d6f933f1ce2a.jpg, 0, 1
7cf6f689e7b9251d801fe88db8b0e8f3_jpg.rf.2ea09407dcd352abf23bab48dfc5c769.jpg, 0, 1
0a895ffc8e4e9a466da4c69728b26ca4_jpg.rf.2df90e9876aeaaf341fb59086750952b.jpg, 0, 1
51fea3220247536e2c7c97a71e88cb1e_jpg.rf.2e43bf5ded569af4bdbeb0bf9b3988fd.jpg, 0, 1
29ba84f3fd1601baf05dd859868cc402_jpg.rf.2d529ddf1ba18dc865287a915579a6e4.jpg, 0, 1
855b65ab10ad7d02be7971b4c11df79e_jpg.rf.2ceb710aff5c0021bc0f501ff4246c9b.jpg, 1, 0
2cd61eb59bc90322a6348ba063afa3b2_jpg.rf.2cf5109e8d774e119753b9a853bd35cb.jpg, 0, 1
931ed5a7089e9c53b85387858bef0e9b_jpg.rf.2c15b9a9a284db884975fb137b4c457f.jpg, 1, 0
d54a00209cdd16014829216b66a3ba7c_jpg.rf.2d834dff7d85a766f63a876dd318e6e1.jpg, 0, 1
6fbcd5c4f513b8077947e4a38b0af882_jpg.rf.2d205abd16e13bd1b95447c4040ee417.jpg, 1, 0
8c9d3f9a7c1e1d4b7206a594c0e0b6ec_jpg.rf.2e64137eaa5c2cd222f02731252be738.jpg, 0, 1
03519a568e3c63c19814dc632f90c6a5_jpg.rf.eb6e431ee7f2a7cfedcbadb7ed7172da.jpg, 1, 0
63da6c2a1f5a333d10f6b99673e1ab7e_jpg.rf.eb890bddda6ced223ed4358955f93537.jpg, 1, 0
830f596973c248b38c09ed6a43983731_jpg.rf.ec99ad41d18f1527c0e6283be12862c2.jpg, 1, 0
flipped_9e0274a020e996c63af259afd69ae2f6_jpg.rf.ecb0d56f48845f677c191139ff8a381f.jpg, 1, 0
d0e382a93fd60f41cdfbc2a706b5a67f_jpg.rf.edaa14be8ce1a697a24ace5485381985.jpg, 0, 1
0a6670ee99e414dbfec419ea63bc25f6_jpg.rf.edc1b33e9e0ce2f9b796f97b6bba21f9.jpg, 1, 0
flipped_5e4cdcb34b13ead210241f62a0c63a68_jpg.rf.ed868c27ed739cffaa87314846e250f5.jpg, 1, 0
e010d104da1439d379c3d313e62e060e_jpg.rf.eded74b413c30205f3e855b12480dc7b.jpg, 0, 1
2cff9050bb9262382c857947f0437d35_jpg.rf.ecdfd78e9b4d3a951d28ac9b589b6550.jpg, 0, 1
5867981e22d5295c2e8258bc2595e9dc_jpg.rf.eb3e815161bf18969f2636fa05ebace4.jpg, 0, 1
cea7f007981fdf623349258aa0ed57aa_jpg.rf.eba58874b1453d131f718e7010a1f8c9.jpg, 0, 1
0d3e36bfb20ba115014b3fa44a5019a1_jpg.rf.eb168503fb55ab3fbd3229d37777bf77.jpg, 1, 0
cb8122bc52761787222d06843a167911_jpg.rf.ee0a27ffb040c8dca6fbd3930642fd0a.jpg, 0, 1
deepfake-src_20-ref_17_jpg.rf.ee0c86a8fd0f4e63e2be7358fd56b33f.jpg, 0, 1
91a4ef291cbd177901a621756026d94b_jpg.rf.ec31984db1f2645654b028b77ccfb12e.jpg, 1, 0
8215cbc34214d9a627cdc76ab891e07e_jpg.rf.ecf6ff4722e5ba60def8af413c9ed862.jpg, 1, 0
flipped_06ba2c3409d006a620cf09323a099f07_jpg.rf.ecd94f5d6336b6749a343b6e3808e084.jpg, 1, 0
2bb3619715e5824fe0669af09f6e3214_jpg.rf.ed4217bfb0b7d07e290486ea643fa62f.jpg, 0, 1
3dd1c3e9ba0d4b723ab1a107cf0fdab8_jpg.rf.ee17fae797861f45fa8e637ac1ec7925.jpg, 0, 1
deepfake-src_29-ref_77_jpg.rf.ebd77d41beef093b2407d77dd24d0b81.jpg, 0, 1
0572f429bfeadd05b8bde1bd58b2a050_jpg.rf.ec3a0c9ca3b29ae44173ec44c06f8c51.jpg, 1, 0
8e6a27f237444f94cd6e937b4342d8f8_jpg.rf.ee1d45c4f74356e9d797fca166ea3874.jpg, 0, 1
3e4e854b7673d0d1007800895c7911c0_jpg.rf.ee3a2109893ce4c1647284283d99bf3d.jpg, 0, 1
7444cd890486a04cc356f0a89c4096b4_jpg.rf.ee3d6f01a904b6468c71a0facf47708d.jpg, 1, 0
3e62967e2796c653808d80c911c3bef2_jpg.rf.ef007f8490fa797bf367c91a68499d3a.jpg, 0, 1
c739a76172ee64866d2a86030021af70_jpg.rf.efb6f1ffd17b038fb829de59dac3d320.jpg, 0, 1
06fa318502aea35cb9bad8ed0a738042_jpg.rf.efe1d29f2c4e1146dda2cbf46b2347b1.jpg, 0, 1
e9e3b9340f4b3f1640ba9d110997dd00_jpg.rf.f167d5bd19e7bdad66396a5f72a30e58.jpg, 0, 1
deepfake-src_34-ref_85_jpg.rf.f03881898e6edd9322d1ccfa0c99ba4c.jpg, 0, 1
c4fbae1c5af6f4d501d0939b59df6538_jpg.rf.f0f532cbcf28c974e750029f1f81ed9d.jpg, 0, 1
7e90ef23683ff1fc3887f67ae552960c_jpg.rf.f13d297bf8a2f77fc8f51e75b73a38cf.jpg, 0, 1
cf84d22b629cb0c2c90b515ecb1d074d_jpg.rf.f1bcbe3c4f447cd16c6405a6b52595fc.jpg, 1, 0
flipped_00a740b5732001af937b06a2e61de13a_jpg.rf.ef5bf09bd5759f3be3df5c2c24d08816.jpg, 1, 0
2edcd0129152ed6355d732b6b7e96ee5_jpg.rf.f07224ece1c12f7fa7b555fcf2e2b55b.jpg, 0, 1
d10cd820bf1f69d1f23ddee1ef0b6901_jpg.rf.f17dc5bbf0243dcac9a97abf12e605bc.jpg, 0, 1
deepfake-src_15-ref_9_jpg.rf.f3030e5ef8d46f6c886d273251e5e3cb.jpg, 0, 1
deepfake-src_31-ref_81_jpg.rf.f25dc9a9c9ba89b1d887a9a92eda0fa4.jpg, 0, 1
flipped_1cf911a616aaa7aee54523acb4186e2f_jpg.rf.f1c4021af3b4cc3d05374c8417ee85b0.jpg, 1, 0
7932f5b67d30a5d9bb09ca0963c57b73_jpg.rf.f12109b064bbccedcb487556c6fb7ea7.jpg, 1, 0
80910fb60df5b4942a419bf84b5f80a6_jpg.rf.f19f7e34f1939def425e38a9cc8080f2.jpg, 0, 1
58c5f025a47607528b6a44102ae1c266_jpg.rf.f27ea0e7cf94ab287b215df44d8e7f76.jpg, 1, 0
83d2608fd6824c8c6920f9ef2376c0ef_jpg.rf.f27c79bd7ee6df7dc9e133a00d29cc5f.jpg, 0, 1
8ae67a98227fd23bb2d1efe1caa275d1_jpg.rf.f1ec4c08fa20010779cb54f86fee34c6.jpg, 1, 0
651c6d6d83aad160ffd5bc38c6305cab_jpg.rf.f2fb590fed88bf2010afc4e4298ab675.jpg, 1, 0
54fd10b71579938e1c50a5e3362c083d_jpg.rf.f400de6d94b4f5cf2d4acea045ed2774.jpg, 1, 0
85a0aac57ec1a9f38130e40a78868f9b_jpg.rf.f307c254178c5f251683a119c51705df.jpg, 1, 0
81d708cf77e8684428273087470b3d44_jpg.rf.f443788238ff30e02ada43bc5bbad062.jpg, 1, 0
0f4269b0fa165dacb8fabedc8ae362d4_jpg.rf.f3fce8823d0ca13307c913b93760ca1c.jpg, 1, 0
5e19f5ecc8cdc15f10c4d1f22820e324_jpg.rf.f47500b9752f5414564a90eadd1e36e5.jpg, 1, 0
66eb418177cc2608e89e253e33ca4ceb_jpg.rf.f56bde6bf115e3d2e8902c2ea83f5d52.jpg, 1, 0
d823a5f3c102a38a072364a76de8e230_jpg.rf.f5765b75f217b797ab0892d050b62218.jpg, 0, 1
c1892f4a622f9fa59603302f3974f142_jpg.rf.f6e70ac797126d4a5834eb5fdeb480cf.jpg, 0, 1
91c14f948ac8b11bf9f90b3cb0c9f5b8_jpg.rf.f607c932f25a504a91595d3e3562a32f.jpg, 1, 0
29e1fa4872cec24d4939c539bd2f3002_jpg.rf.f5917eb47f8bcea753df4d10937f3509.jpg, 1, 0
158acb8508723235d23f9e3eb8a5e57c_jpg.rf.f71ddb38d6c2fa842108a8e08a7509a3.jpg, 0, 1
85a9b1d7e8702a532ff66cbb646f5f98_jpg.rf.f4e5876fccbd53c4894bca2df84b6f38.jpg, 0, 1
flipped_08d727aa824da565784686b16216d02c_jpg.rf.f5a8072b3dbd4e95963a26b8cc8a90f5.jpg, 1, 0
1e4ece16815a9f0cbf2486169a3ee63d_jpg.rf.f6214d9ddab7d9a06ab047fb8f19b227.jpg, 0, 1
0fffdfd34fcdf8be580e5c8d6978e68d_jpg.rf.f74b0aa1d68c400b5c1a56aaf59ad4ed.jpg, 1, 0
96e32e7f014f470cc556812bd6add70d_jpg.rf.f5cc3aa066a141f96cdbdc88e5e6cf85.jpg, 0, 1
deepfake-src_29-ref_130_jpg.rf.f6d62ea6a6d796edc5623f3d5535bb12.jpg, 0, 1
deepfake-src_25-ref_139_jpg.rf.f82e57b282af82dc0376135e840373cd.jpg, 0, 1
cd95634f257486f33dae357eb2f7d708_jpg.rf.f76d846271b0e8c98dc67086c7492b29.jpg, 0, 1
deepfake-src_31-ref_57_jpg.rf.f728d36895703bb16e9ace22d24f7498.jpg, 0, 1
deepfake-src_15-ref_126_jpg.rf.f2b6f4a4560154df36fb611d72ef2e4d.jpg, 0, 1
0952b13853ffb6b7f2fc17a4a7875746_jpg.rf.f78fc8a7df7efa96b47746054af6183a.jpg, 1, 0
6c96ef0861360dd922b0ad963174ea21_jpg.rf.f7924ab400d85fa986c76c30e4973867.jpg, 0, 1
62fb458fdf462e202f206177e6dce4b2_jpg.rf.f82fdcc504026290b628341ef78b9d69.jpg, 0, 1
deepfake-src_20-ref_86_jpg.rf.f8a206b8d40f1e304178a567ccff5f22.jpg, 0, 1
0bd4d24c81f37747e3fd276db58f80a5_jpg.rf.f63463d9c30a6150fde90b40be716201.jpg, 0, 1
deepfake-src_20-ref_88_jpg.rf.f7e82a4d715b159630c089bad49acd76.jpg, 0, 1
deepfake-src_33-ref_91_jpg.rf.f9040879939e327c10dc367173c1b638.jpg, 0, 1
290d3c4b80578579f0daa30cfa205693_jpg.rf.fadd2f56c5a08cfc41ae5bad82612855.jpg, 0, 1
deepfake-src_20-ref_85_jpg.rf.fa6269338dd6abedf143fa2a66e43e33.jpg, 0, 1
deepfake-src_23-ref_118_jpg.rf.f934f735ce65aa31de4582cdbb2c78f2.jpg, 0, 1
13d8c57da23cc785f8a54f2e841e4737_jpg.rf.f865b2530e5bab26cb75798f3f4111c4.jpg, 1, 0
deepfake-src_6-ref_86_jpg.rf.fa4743699772b435d496fdf14135e99a.jpg, 0, 1
8e2d480be7a6e4c9cd1f1b5ac31a5f6c_jpg.rf.f93616e1539dae8f361e974c7e8b575f.jpg, 1, 0
70c67ef35277f3010474fff78b707b52_jpg.rf.f885725650195a721fe600dc6c657305.jpg, 0, 1
bdea7d104aef19c8eb248eceebc70345_jpg.rf.f941a59f612190b7d890542b5f8134e4.jpg, 0, 1
d309aad97073ceae2c30516e5b38a3ed_jpg.rf.f9b1d1e5deb72c1416f9b584852e1a89.jpg, 0, 1
deepfake-src_16-ref_35_jpg.rf.fb2344d36316ccaa257bf375f91706c1.jpg, 0, 1
3aaff3e202914fc1bb1b4a242d614dfc_jpg.rf.f953fef24b6b8ebd948044984c2c9021.jpg, 1, 0
3302efdefe05f2bbf71f2c25021c9d80_jpg.rf.fa4e57172286f8abcdfd242bb8bfa8ae.jpg, 1, 0
14daa106e6ff52622bc7372d924d9658_jpg.rf.fb337042796899b05a411744ccab52a6.jpg, 0, 1
flipped_4a536cd324ccfc45073c8d58a0726756_jpg.rf.fb4312c0ff5ddd83c65ce20132a12267.jpg, 1, 0
35aea72849ebcc73ddb04a187fd69b63_jpg.rf.fb65e10c433ece50b70bbe4a07036867.jpg, 1, 0
272f351bdd6942d53ea6f33b47ce17d5_jpg.rf.fb4e0501aeb7c2c68bb332dafc994cca.jpg, 1, 0
e1ce71ef8d96188c046fd8f588d3fb7a_jpg.rf.fbba1c4ae541b3b042a1af7f1dd09874.jpg, 0, 1
deepfake-src_34-ref_21_jpg.rf.fbfbd9d7334b1e0c71d5ffadf34448f6.jpg, 0, 1
96b21af13766b08ee4f36b4c34b80f60_jpg.rf.fc5786e8ec68e389909cf98ca9cdc2e8.jpg, 1, 0
39f364f5a5a2afb31c807d91bf55d73e_jpg.rf.fd2087c83bc4f15433e1b54a6ea0a905.jpg, 0, 1
deepfake-src_33-ref_23_jpg.rf.fbff92c442d88b5932233802b2001127.jpg, 0, 1
deepfake-src_34-ref_60_jpg.rf.fcee3b75f77dbc0daa72f8fd65e17f0d.jpg, 0, 1
cd0d33837bd22d255813c0225ffc9a90_jpg.rf.fbe3f78f2284981127aed92487ba5e2d.jpg, 0, 1
99cebf32bd764f894de67a77c5c946a1_jpg.rf.fd5fd5d3e95c8e433cdf71543e1d2d41.jpg, 1, 0
8bc5c81d779b7ec7bec8c04e690e6341_jpg.rf.fcd4e1d04c3bfc8a97fdf0df48f65df7.jpg, 0, 1
0b3a1620239e5701637bf70351bffbd4_jpg.rf.fd4f4a35b50d79a034ebe57730e849b7.jpg, 0, 1
6a03a209397cf5a4d16eca7b44026104_jpg.rf.fe0caf6965feeb6f5671baf4de0d8395.jpg, 1, 0
7b235bb0a891d0f3823e58ae48c9052c_jpg.rf.fdb525d0ccf0381753a996900981b981.jpg, 1, 0
d0641f8ebbf92a1ac0601a17cd187d27_jpg.rf.fe47a5f41244c6cc5ce8a6f553ba8232.jpg, 0, 1
5bc1343745c86427c820aa8296c4a6bd_jpg.rf.fdb321ac5739343fe4a069cbdcbab57b.jpg, 0, 1
0aecb86cc65e5ce226694f38edd2fbc4_jpg.rf.ff0749f48a751cd9edc6c34125c6da42.jpg, 1, 0
e2d40e6da51b73cb1510432a80168829_jpg.rf.fde4a6403e51e1bc22d8b46e72e239bd.jpg, 0, 1
deepfake-src_3-ref_37_jpg.rf.fd925b8237e1e3e42ae05caafca52f9a.jpg, 0, 1
flipped_1e9f9299adfbb0d6afef1e1dc6c2293b_jpg.rf.fddb14674a83c9708437ba10f41a2c25.jpg, 1, 0
5fc25be7d7509648faf2edde03071395_jpg.rf.fe3438d02c1ad417fe5c335afd4b3b62.jpg, 0, 1
6bd45df8492a546e24be0bedc218858c_jpg.rf.ff482a146851a01c2ed434060ed74307.jpg, 0, 1
90a159ee5a27f8a7852ff2523576be3c_jpg.rf.ff95787aa18d736e32202e334347bc6d.jpg, 1, 0
04fd053332f9aa8dbfb40a8127f08700_jpg.rf.ff63a4fc2ff820ed49fb976cca145921.jpg, 0, 1
flipped_9c4688cf5b3406e0b743fc1f37ca49a8_jpg.rf.ff5189dcb7c0f9193e3f85aa368ada41.jpg, 1, 0
8bf0a8050293e89ac28d3d6d56d311b1_jpg.rf.fef2fb68f510cdf5d3f048e241981f57.jpg, 0, 1
6b93b9a4e37199d1cc7a5884d37767e2_jpg.rf.febc375c7266957b81438b68ae15201f.jpg, 0, 1
40fb25f031b1ce3cb519a9826aee6ed9_jpg.rf.ff301be06008617ff0004fbacb11d3f6.jpg, 0, 1
0a481c9fdae249d27a7d0a14a5c8e3c7_jpg.rf.ff7226d2b83d5cb7aef3f46d1c296724.jpg, 0, 1
flipped_9cc684cb3bafa8d488cb6f194832b2c1_jpg.rf.bda84b8186b41b947fb756405bf135cd.jpg, 1, 0
442bde117c518b14c6250071ec306714_jpg.rf.bd50f4d54fff56107f580d3f942e837f.jpg, 0, 1
371e748406553f0c0547690743324780_jpg.rf.bd22408b662025586a01a5d76eeefa42.jpg, 0, 1
6ba3015b79d34ce68f83c451b3b25274_jpg.rf.bee743354b8458eddbbe66e9c867c515.jpg, 1, 0
4e81e985e50c10a860176303e1a1d266_jpg.rf.c00b3ec9e7b9aa4386f01b6de2049f3d.jpg, 0, 1
flipped_6a03a209397cf5a4d16eca7b44026104_jpg.rf.c065ab70f4efab850ba0882ba7d46889.jpg, 1, 0
0e0e5a492a55b3d763ccc0e88c82f668_jpg.rf.bf691160f92382677ea778a617e4d319.jpg, 1, 0
0a427ae12e4907df65c2fa247c21c462_jpg.rf.c0da08de47e65602ceb6cbaafb12b4bb.jpg, 1, 0
deepfake-src_2-ref_8_jpg.rf.c02150e1c3f5d9b7ba9f8fe955d7d476.jpg, 0, 1
7bf61e4bb29e25055c3dad1472a64a06_jpg.rf.be62ae64f532e9b023b40b1e283d8d73.jpg, 0, 1
60f3c06073a925972b67bf5608344dfb_jpg.rf.bcfaa6c7314315eea9e7143ecbf47695.jpg, 1, 0
flipped_03a8af84258c61d40e1de5bf0ac915b4_jpg.rf.bdad277fd63dcdde77618adaa26e90b3.jpg, 1, 0
73b61cb9299c42131357554da77c68e7_jpg.rf.be8b0608f5c782b872833f2c16a2532d.jpg, 1, 0
161cab525c7bac32322fa3821ec71f5b_jpg.rf.becaf6d0426dc91d7a1445df035dc492.jpg, 0, 1
deepfake-src_12-ref_72_jpg.rf.bf85f59eb409010ff8f37f7ade51251e.jpg, 0, 1
deepfake-src_4-ref_125_jpg.rf.bdf9c4f4646ea7479fd4a15eb7183c01.jpg, 0, 1
893ac15e589090156ce98068f8036464_jpg.rf.c001fa5802ab456b914d144b8d66c916.jpg, 1, 0
2d04340413b785384095d91036cf64b8_jpg.rf.bde8c1a29d1db4ff3d78d027d27e7ba6.jpg, 1, 0
0b50de4c8c1cb7799af89ad934f5a56b_jpg.rf.be0e6a99bfbc4d86a7403b47be3740eb.jpg, 1, 0
60ec49f0db538ad62ef26002fa263065_jpg.rf.be22c695b59b17a6320cbc7efcc9948e.jpg, 1, 0
2f83246d52025e665978343292e983e8_jpg.rf.be1385e9475a8351c3703542940542e0.jpg, 0, 1
e1f3a1a58aafa2e187eaf9da6fa0e36f_jpg.rf.bdae387eb8ce7c951d3400eb31c3db97.jpg, 0, 1
deepfake-src_13-ref_87_jpg.rf.c10e1f25641b1bf272ff616d2ec3d9a4.jpg, 0, 1
flipped_1b8ad9711b4bdf2f1c2761386387d250_jpg.rf.c0da5ec99ef28c363365a903b27ad11c.jpg, 1, 0
flipped_2a2325a5e55c85a4ea2aa7781a5ac369_jpg.rf.c1291f28fd30168c27b19a55b7188937.jpg, 1, 0
deepfake-src_10-ref_82_jpg.rf.c167bfdd986fcce459bc3575408a614f.jpg, 1, 0
16f01ffc5266be078dda7145af68f3cb_jpg.rf.c1d5b87f0650e61c0007385bf615b172.jpg, 0, 1
flipped_0a797fd02e5bb1270f2708122993e376_jpg.rf.c2d8bbb1135658bbd9afc10c658f6017.jpg, 1, 0
3533aacd7ecbc0118fea3ba206853fde_jpg.rf.c1a1fde0f2630f5c5c0e93d07b2e3aa2.jpg, 1, 0
5c7075679a5448ae5babc65f7b92e0e6_jpg.rf.c1428f7970c49cbff89004e915c06e0c.jpg, 0, 1
d9cb304534d0e2956eaced321d5ea1d4_jpg.rf.c1317f45d9c30c76e4f5f48dea4cfb8d.jpg, 0, 1
5e0a001bad275431b2d210935ab25a97_jpg.rf.c175c254116633d3f23aa7c622119633.jpg, 0, 1
07ac5127f410c99a810c7085ed003700_jpg.rf.c24203dfa20ffd5091331d56f198f9b8.jpg, 1, 0
cfa481fd3f2ef6cb449e0fc46c009ca9_jpg.rf.c38d9656216435a38e0b3801a0e7cc0a.jpg, 0, 1
0a04804e8260cf9c4964108c7a19d050_jpg.rf.c31a0abdc37487c4b01c122a794a70ac.jpg, 0, 1
6e955feaf806970648fff1c34d934ce3_jpg.rf.c16f9bffdcd7c3df52a3c79269697cd4.jpg, 0, 1
0b6e613d004ec3821895dd433fcb729a_jpg.rf.c31bd5f9e3bc50038b48048b7b0aa137.jpg, 1, 0
05ccf1f0058d1397b188fdf866d7af26_jpg.rf.c3bd1085f72fddca861846d8e2bcc902.jpg, 1, 0
c01bd93683b8522259cd6558c7c51195_jpg.rf.c3ef558a7373dfc55c5c9652dcbfa4ed.jpg, 0, 1
d07de1f4a1df5ba9f58b5f488f611d0c_jpg.rf.c4f0b59fe2677b31ddb9e34139303279.jpg, 0, 1
18d2e67f79b306226f6e5b0b67b6d731_jpg.rf.c619ee05613a1c4abaad68bed36d721f.jpg, 0, 1
deepfake-src_4-ref_131_jpg.rf.c5129f6409f03f0bff5cae7fcf69b555.jpg, 0, 1
5a426acad852f8f4ab06496d3c19731f_jpg.rf.c51b03fdd42f6d5bbc62a8cca4f8b467.jpg, 0, 1
56fcb7caa253a011893d63028ff85590_jpg.rf.c5772e0638396c102e4cee5a19fb525c.jpg, 1, 0
flipped_0a496d8ca1a29a7f11c7452ffb42123f_jpg.rf.c52725f2ca17d7a12489e2f42120af8b.jpg, 1, 0
be80cdcba1d8faf13697906143fa13d5_jpg.rf.c445ea08296baaf45408652fceb8528b.jpg, 0, 1
deepfake-src_17-ref_10_jpg.rf.c54ddf3ff2f336362f3c51ad6e040f6e.jpg, 0, 1
06e50c96f485d695e8ac7e318c65352f_jpg.rf.c58fff96863d3eaf916e79c60cbd0e61.jpg, 1, 0
835a89b63d02f72de6c035efd6605512_jpg.rf.c61a0b58c049226f8a860e76d312a858.jpg, 1, 0
deepfake-src_21-ref_128_jpg.rf.c6537ba933baef5a2b7d6767dbce140f.jpg, 0, 1
626a70e3c4e74d44266ade0e7579187b_jpg.rf.c6706c75557d734f529788c01d677d4c.jpg, 1, 0
0a2116d02fb90a7c2fb535a78399fda4_jpg.rf.c620c040646a9a661cb2e60033fcb2db.jpg, 1, 0
flipped_7b73ccd156fb38434c9517c55fbd02c9_jpg.rf.c62268af01e7ec83dc5221bfd0fbe9a9.jpg, 1, 0
5f736b33fc2267875ca91667e754db28_jpg.rf.c719e8bdc6598be14d18979b89829113.jpg, 1, 0
2a2325a5e55c85a4ea2aa7781a5ac369_jpg.rf.c82631bebbc6e5da112a05b51ee3f601.jpg, 1, 0
flipped_13a9afb5481f49136a713c3cae7fd717_jpg.rf.c75b59ddbab161d4703f7ac15e864846.jpg, 1, 0
6d41b1349f45738b8cde1809a693894f_jpg.rf.c6d5687cfdb3d75bc16e154420a32d00.jpg, 0, 1
bf7112a95faa2412de19d8e3ed9a0c6b_jpg.rf.c838cd4e660b2ed76efdea8d0ad08142.jpg, 0, 1
flipped_2debde189a57b41eb1ef05e1344a3761_jpg.rf.c77b12c444aadda04422266bd98bfa2d.jpg, 1, 0
deepfake-src_24-ref_48_jpg.rf.c7b2ebcc9b2d05cbba75e1f6f4ab852e.jpg, 0, 1
flipped_0a545d0857c3d98f42d7ca40e34e739c_jpg.rf.c76365b265d5bbb50d050352b2698cf5.jpg, 1, 0
490e3b5d5105993c20ac345c3dc0dc92_jpg.rf.c6a1af082f28fb318acf94007b128380.jpg, 1, 0
9a5ddb688ed3419209b767775ff9081b_jpg.rf.c90e76ef17e6410451410e73b5fea0e4.jpg, 1, 0
3ac257d81f9ed8bf3d6d41c0f8d283de_jpg.rf.c8dc93d7b7193f5e47028394d24af2fd.jpg, 1, 0
16b8d58d6979d48614d48271ba36362a_jpg.rf.c8d08777f41e6187033bbfba2dfd0052.jpg, 1, 0
flipped_7b84bff069a4f540a66d2399750f2af1_jpg.rf.c85adf73bda05cd49a23f7ff1d65eff2.jpg, 1, 0
0e684be4aac6f4dec9f950c9eecb4fdd_jpg.rf.c69bfb3a3e6fb996293db72f9574cb46.jpg, 1, 0
3f066f57d43367d72319a958d78d96bd_jpg.rf.c93cf4bb04149cf99c5306092229f632.jpg, 1, 0
3b7823cc62528ecf7494f17f440de707_jpg.rf.c678913df1ff74676774f38eecdc2a8c.jpg, 1, 0
79f6947985a270e2069d5efbfe6abfaa_jpg.rf.c941934c2b7d8932d0fe980f187d5c53.jpg, 0, 1
3d06ebba6d8b6ca69387d359c53c28d3_jpg.rf.c961afce4acb2bd20babe3a19022fd17.jpg, 0, 1
deepfake-src_17-ref_106_jpg.rf.ca12b9e76e0d2f1e3c61768952f80690.jpg, 0, 1
flipped_06f0c2c34b6b970808b8c6368d0eb924_jpg.rf.c97f430f2d21ec655e832ade8d3580cd.jpg, 1, 0
00b5564e1c55501b8a6a5c995abd7164_jpg.rf.ca43e619934520d4d2dea644fa4e21bf.jpg, 0, 1
32c0b3412b6414b47f3a4752ff5f39e2_jpg.rf.cb10f34e951fc2f4c8ef5a1939ff21e8.jpg, 1, 0
flipped_8e6821aff26a1eaa6407e715c1c77f93_jpg.rf.cb127b6d50fd1c590ae784ba5795b2d7.jpg, 1, 0
165d35b8100d8a59753732e5fa1196ed_jpg.rf.ca7827a441376e3516d6d5bde0b558dd.jpg, 0, 1
deepfake-src_23-ref_25_jpg.rf.cb4ffc3a267b6672dd0f505bc21dffff.jpg, 0, 1
38d319ad997ca8a58d5fbee95653b95c_jpg.rf.ca61c8be057ec9daf9711331fb82e149.jpg, 1, 0
flipped_5fc37ef1a0ee731d43c5491100be2f11_jpg.rf.cae53932481f87c0700c948bbf50e741.jpg, 1, 0
69f194e5ca83bf09771e25170dd2341f_jpg.rf.cbabec0d4f663d6ee8ec6f6f659b48cf.jpg, 0, 1
5b1850f875eaa4831bd677a519313462_jpg.rf.cad263aa299174361ddc084203e3902c.jpg, 0, 1
74fba916e3db0e118cf781b13b2abd03_jpg.rf.cbe393958899e8eff4ceca946d8d93e1.jpg, 0, 1
flipped_6f579381d46e0a96b1fe2833002c2fe4_jpg.rf.cb1e05d5d6d549cfe583d9e0d07d45e6.jpg, 1, 0
deepfake-src_28-ref_45_jpg.rf.cbdbf0fb646f440c200afbd2cc562ec4.jpg, 0, 1
6dc944fb2a9d15c8266a3205b0bee2f9_jpg.rf.cbc0f8e613dfa3c9cbeca23f53ce0f1c.jpg, 0, 1
55af5247058efdf97cc82395a5a6905f_jpg.rf.cc2452d7718ab3adc95a14c65960bc9e.jpg, 0, 1
c59b10e882179734190b8530bbe311a5_jpg.rf.cb9cc363b0516391383c7ec0a3517be8.jpg, 0, 1
5d825fb3419ec907d7eb9ba6e5e77bfb_jpg.rf.cb1f1883a1dc9ce06cdedde082b4ef35.jpg, 1, 0
deepfake-src_14-ref_3_jpg.rf.cbdac9f6510f0ff9bc8a33b66be41d15.jpg, 0, 1
7c1503319ebba541db587efa953affff_jpg.rf.cb828a50b073245ff606b4ac013e656e.jpg, 0, 1
dafe22822e85998fb0d89ff80fec3c5c_jpg.rf.cbfd4f6677b6d855855a683dfcb49669.jpg, 0, 1
4345b97f4a0581eec603faf7f61d67f2_jpg.rf.cc51c1bcefec4e31731faf3df8fbd8cc.jpg, 1, 0
4f656d60d48ee8033f555cef16d498b9_jpg.rf.cbfa27b4bc5e8374cb8ce87d04d501cc.jpg, 0, 1
d0f4b552e9cef9e1943ac5dbb73017d2_jpg.rf.ccf4f07ded16388d254785a4efa5f950.jpg, 0, 1
7f5db861da884ce94ef068b79a5bea28_jpg.rf.cd66a4c1ede58046dac8023a9528cf53.jpg, 0, 1
flipped_0a0472b867d4ee73ff5c66808915ee5a_jpg.rf.cdbc4c68a4919be92060266a7c69eeef.jpg, 1, 0
0a349d69b4dce98d92ae625bc86a4e5a_jpg.rf.cc28775ed00f46cbc6456abf165eb787.jpg, 1, 0
6a3dedcc2dd22e481c43aa8eec87b57d_jpg.rf.cd3c048cdc63e1c00169c16dab177451.jpg, 0, 1
811a5c840560cf125c01202bd80485f4_jpg.rf.cdc96e3342836dbfa666d634020b10c6.jpg, 1, 0
deepfake-src_22-ref_82_jpg.rf.ce52daddc47ad2ec75899035a8ec99c3.jpg, 0, 1
7f5e452311cf6fd96a0e3baf775b4dba_jpg.rf.cddba04d6abf69309829cdb901e9c0c1.jpg, 0, 1
deepfake-src_22-ref_135_jpg.rf.cdcf65697d611f3cafc3bb56b943b3fa.jpg, 0, 1
0153c97742267839e716521d69fcb2d6_jpg.rf.cc4905c978407e4e6f7b5827c4cecd8b.jpg, 0, 1
9a0bf85e848f1d3716608848f9b0e204_jpg.rf.ce8f340d431dd67ab8b7a3d5d7df3ff9.jpg, 1, 0
6ef388b820564db6276ec2197dd61fb6_jpg.rf.cdcd0dcab84bb8dbc72ffa212eed9609.jpg, 0, 1
653e2e46e31bc6a6238fd3b2e87c722e_jpg.rf.cf0250dda954577f51e7995317f442df.jpg, 1, 0
775c625680f46b05d5e791910fbd4806_jpg.rf.ce0b85d70ca7aa85c4f07587acb92708.jpg, 1, 0
77ef8c9ba1cccaf04ea9bb5171d0b3e7_jpg.rf.cf50110449c342d89b7b075d85e14f39.jpg, 0, 1
1a861d5f6695f7d47132fa2730d19de9_jpg.rf.cf070ac578d6017fed37fbedd37f0e1e.jpg, 1, 0
7fe9b7695e1df5df65fbd5d4a0c46329_jpg.rf.cf0f705fdcc2e646ed953826cae4f7db.jpg, 1, 0
df056f59b6887a8022bc036f1426ccdb_jpg.rf.cf435a35dc43865b0eef36b35dea6f1f.jpg, 0, 1
64c934026eea677dc598d4c794eb3cab_jpg.rf.cf2dd3f7c19b61b2a30c96d5ce58b279.jpg, 0, 1
943eca162422f647d6f29b8265e4e392_jpg.rf.cf541302b469503e6147e457eb7f4b8c.jpg, 1, 0
65e41f0ea26b1ee000fcc77edf24133d_jpg.rf.cf9be956820edc5244443e1ba15f66dd.jpg, 0, 1
63a3c2b65e992efa470912e2305b5306_jpg.rf.cf992e44c9732cf15351618c81758ec2.jpg, 1, 0
d0c304452dc0cd97422de61f29fabaf3_jpg.rf.cfe79cd1d989e85710147c15dc112686.jpg, 0, 1
deepfake-src_22-ref_19_jpg.rf.cfc7a394ade88190dbedc0d7aeba078b.jpg, 0, 1
5d57249f57d0b5a3f99792b888a38a42_jpg.rf.d14aff79760d404b85ddcbb210bb7bb5.jpg, 1, 0
8ac7991e8b54c66bb38ed5707369dfcd_jpg.rf.d0b2260ad0bd6e2c528b5e2118718510.jpg, 0, 1
4e15e3f3289df291db48cecb6dac89c9_jpg.rf.d0c10e1983a55bc4508e0eea6b6c596f.jpg, 0, 1
39cbb4537803d32da4b6c62b94767436_jpg.rf.d00a538dcc459771564b7af41c397dd2.jpg, 1, 0
5dc47093cced7914cf22380fc6e5394c_jpg.rf.d05a6273f8159025be5bc091339267e0.jpg, 0, 1
5c3974a45f3085d1e25ceac72e48dda6_jpg.rf.cfa847a4a2f99e913698be3566a8785b.jpg, 0, 1
556cf6a77883f8c4fff64b677230d340_jpg.rf.d16c475a3c3dcf04e90abacf7b04e9b3.jpg, 1, 0
flipped_0a871b6709988de39b8910d721eb24f2_jpg.rf.d2120cd2f8ef2e57aae62f29ae5ea695.jpg, 1, 0
43d48c044e1057e70dede9c397a312e6_jpg.rf.d29e02eb690718f04ca055b1cf17fefa.jpg, 1, 0
flipped_0b70109055694c535b2f09b7bc0798ea_jpg.rf.d1911767f15396e0cdf4876bb34d7290.jpg, 1, 0
6c021aa6661f830ff72d2eef79a38e08_jpg.rf.d1640a6685ad17de889e0b7875da5e66.jpg, 0, 1
19d4e6c558a9531a8730e0710fb2618c_jpg.rf.d140b3a6ca47cbb1658d53217db2087d.jpg, 0, 1
flipped_3ddd6e44710987dfba943fd995ee7a63_jpg.rf.d25694f96d53ec0e239b730ba2b0e024.jpg, 1, 0
6e9afa1dc81ea9baba0eb917e8169b4b_jpg.rf.d240ee41c9f9f24efc52cff2f248558c.jpg, 0, 1
086a28c0c57b1e3ccc8178b190919f08_jpg.rf.d26e4ec1b0c97c522c7e2b05eb1a49d7.jpg, 0, 1
3a63655f45125a8f82c26a120b9fe7fc_jpg.rf.d2aea7f72acc043f187b8c71ea31c728.jpg, 1, 0
835fc45ea6fb64389c50c54db9673e8f_jpg.rf.d21aead42e311a37152ed0cdcf7f897a.jpg, 1, 0
flipped_9dc076c6bae2af9d41c99cba13c5dd68_jpg.rf.d235fa874c66d381295d8f863f539beb.jpg, 1, 0
3d3cfc9e868d664f48caf4195c19f99b_jpg.rf.d21536c9404f47c3d6f1d61816d496d3.jpg, 1, 0
c98089c8cae7b096b63c0080fe5abf4a_jpg.rf.d0e937e8b50b1362438cedafb8a10ad9.jpg, 0, 1
758a0ae3c0bdb8b050d86a510c2dc7c5_jpg.rf.d319407ebc2ffeab7b990be7e7fcb129.jpg, 1, 0
ca2e83fb1df48b791f4757a33546777f_jpg.rf.d2dc8ae9e1a64f5c3480faaeca957d57.jpg, 0, 1
deepfake-src_18-ref_121_jpg.rf.d1a4db2965ac0d69671f388b674ccff5.jpg, 1, 0
8cace19906df1cabfc5f29ff47b0a410_jpg.rf.d39be095a4fb788a67453eaa97e433ac.jpg, 1, 0
deepfake-src_12-ref_31_jpg.rf.d388ed7e08b8424edd0f648c4802cb18.jpg, 0, 1
6171abcbb88dd522ce35de012dc7487d_jpg.rf.d46be2ae53fcac7846c54a7bfe2cf2ff.jpg, 1, 0
8ccdc2a483a765c5d992d20a94bf01e9_jpg.rf.d386265203e116483caa74c777702626.jpg, 0, 1
d7d6e3d134599a84fb3595a9aba707f6_jpg.rf.d49eaf145242b95ceeeffe8884f93f1b.jpg, 0, 1
flipped_6dfe199e354fe12d4dffabd885926ff9_jpg.rf.d3562fc2be5d94647074428d2f00458d.jpg, 1, 0
921c38f4676b34c33a48712cc8aafcc4_jpg.rf.d5370da95880646e99e00eb4fbd3772f.jpg, 1, 0
068fbfbd07deb78f2429628d573661ea_jpg.rf.d5110bef696dd19a02738c045e794cc5.jpg, 0, 1
c76c706c46d260c65f06f281c074555b_jpg.rf.d580d575a9ca6c5a98baeb5b85fd7c47.jpg, 0, 1
81276586e4d89aef3302a95fda4a7806_jpg.rf.d65c112300e6156a07e1c5c5ccc124c4.jpg, 0, 1
9e9d455fca4dadc0cdbf20cac957a770_jpg.rf.d3ab27a5a2f82f5be4b740f648838474.jpg, 1, 0
c5c4f1dce3a06b85892b4ea9e0d4d6f4_jpg.rf.d4cf5165a4b3b16a129f7d9b46df76bf.jpg, 0, 1
6d28e896ccacb15daaa74a7be32c238f_jpg.rf.d5632dcd295f26b1fc7d957bc8eea5a7.jpg, 1, 0
0f9ed9e810cabcd289ba67fc949b0e45_jpg.rf.d4cd70afdfae2a37c5d4f64bbb697f01.jpg, 1, 0
3d106c8d6d7985241d2e14baedd80f81_jpg.rf.d56f0b727a0148d056dafa119c273e8e.jpg, 1, 0
62af9b1a51c75f28f258cd9bc9aa1954_jpg.rf.d5a30da656aad121bff1200af68e770d.jpg, 1, 0
flipped_6ba3015b79d34ce68f83c451b3b25274_jpg.rf.d41800ec5d50fc66946fd1216e07deed.jpg, 1, 0
deepfake-src_13-ref_35_jpg.rf.d5c55955b3edcd02534fc67dadceb494.jpg, 0, 1
0211264ddfc7c02f26cdaee014124fed_jpg.rf.d5ef4df6335e60207dfcd2129e8209c1.jpg, 0, 1
372f273ad1e90f99ef5f6f1ce4209755_jpg.rf.d5ed795c08fba21ba73f707b4a99e3be.jpg, 1, 0
c8748765a57aa9abe0a092b5c174d2b5_jpg.rf.d58a6d5135880b873a54c114348a4893.jpg, 0, 1
deepfake-src_33-ref_8_jpg.rf.d376e4c38791fb6e078165234c0b908e.jpg, 0, 1
1da942177d471e34d16153b1915bad12_jpg.rf.d5f7ec3aec9a304835d7e3f9bfe0abcb.jpg, 1, 0
ca4c71c9ac578120886ddf9a2a3c8dea_jpg.rf.d6595e8a1aec4a06a5a9f596152d6193.jpg, 0, 1
flipped_9e16904fa44d55ac07eaa01c3b8592e2_jpg.rf.d82e078cce4aa4d88f3f81ea32de69d9.jpg, 1, 0
00a869f5b6290bc60d283e7e46ee59aa_jpg.rf.d6fb012b9c64786556653e03c054ff70.jpg, 0, 1
flipped_5dc35328c3ee8dcf0b2c16d1a9d7a620_jpg.rf.d7151fbff2f795cc96fd203a460e15ad.jpg, 1, 0
c8741b1cb6382485c7dcb6e80cd6abf4_jpg.rf.d82565b74f60a33d7adaa671e1574d66.jpg, 0, 1
e59d21015aa026c34ea6e780aa0053ce_jpg.rf.d5e79d50fc3afe360c7604d57b89f0ef.jpg, 0, 1
c32589de3cef51188a1d1cedcd06c221_jpg.rf.d98fb32af4e8ffd7ba1114a4ba72ef3e.jpg, 0, 1
0a562c373ca76d64c7da6e496b55a024_jpg.rf.d6ea1c0a3364714df7725cec35d4e0db.jpg, 0, 1
6424f9a12dd6b130127d795862080a02_jpg.rf.d77d61437c61e854702f0098e4fa8a94.jpg, 1, 0
flipped_6c7bd05e87959ae434bda0d14ad4ad76_jpg.rf.d9fbf69f1a57e9fa5e326b74e17ddb1c.jpg, 1, 0
8fb3c77768ea863b487b86b794fbc883_jpg.rf.d7482691baddda9a9b77c13449344c9a.jpg, 0, 1
flipped_4c1eb6d0949c615825076276b1cc6582_jpg.rf.d78026c4d97d0baac89e14c349b44880.jpg, 1, 0
flipped_1e08e7bc1474d22c25bda749d596361d_jpg.rf.da6ad1ea1355c27a868e4832747470fa.jpg, 1, 0
deepfake-src_26-ref_122_jpg.rf.d75b4aaa9380695d0154cbfe28cbd1a9.jpg, 0, 1
deepfake-src_24-ref_140_jpg.rf.d952fe36889e4e1daadddc6a14140709.jpg, 0, 1
5eccb603aafdecdbcf35aa934c15d5e4_jpg.rf.d90183803180da3d049e28cbd6f8ab1a.jpg, 0, 1
1a9c23af3d5b862948756da94e814a93_jpg.rf.d6ff0685f4d94c07a0a6c3ad3a2eb065.jpg, 0, 1
54f5d76a36e70a2bf7a5ded096b40787_jpg.rf.da1cc685be62f94a541f55a714f4902b.jpg, 1, 0
e712e0c9218039ac239cdd866d168201_jpg.rf.d8255734aa70767f62d17662b778b9ff.jpg, 0, 1
0ef62082e845679eb53c9fac0f84442c_jpg.rf.da55df069732342919afdff396dd57e7.jpg, 0, 1
deepfake-src_25-ref_15_jpg.rf.da16b20cfe768636a52b2fb8dd1dda0b.jpg, 0, 1
dfe28812a4fa895741cde1031f36a74f_jpg.rf.dac891b84eb4de31ecb601cc7d9cdae5.jpg, 0, 1
516b51c7ae022371210bcf907e1a8e23_jpg.rf.da8c698ec6321d3d1e962f2a11289a62.jpg, 0, 1
5a4c77aa94bd4e0adc16d4c864ac3825_jpg.rf.da4b24f4f50ce73da69d51ef600ba152.jpg, 0, 1
d95f8699b41891199c9890cefcf88bff_jpg.rf.d84bc25034a56b642e0f2694cc3fb40b.jpg, 0, 1
flipped_6f148215d787b842886e92a8a5d019e2_jpg.rf.d9ffd06bd088490b16581524a8624122.jpg, 1, 0
deepfake-src_4-ref_78_jpg.rf.dacc9a8c1fe121f50d74439750f691ca.jpg, 0, 1
65cab204467c77e9e5b18346ee1db78a_jpg.rf.db12d9c95ad56284005e1f79e68c4f96.jpg, 0, 1
2cfc851a5b56ad6313f1bf1b08938894_jpg.rf.db32bae0482e921e70e5561cd92e0dd6.jpg, 0, 1
670b6da6f578d04c2a5c91147e64b79b_jpg.rf.daf9480df04eccfc336ce18f5d93e180.jpg, 1, 0
464f717044c85be07e373ef7aff76fd6_jpg.rf.db04a686b1b7aa4f4c410e5c20529599.jpg, 1, 0
0a2871b3520f354823b0b41e5350c873_jpg.rf.dc2c577d1703cfe342adb5381b425842.jpg, 1, 0
4fd0120174e25f827dbcb53f10c8297c_jpg.rf.dbd6e3c0a65fb5a68abcf1476e73befa.jpg, 0, 1
deepfake-src_23-ref_109_jpg.rf.db68956de81913199c9da63e77bed2ab.jpg, 0, 1
1860ad2c97b1a606922400a60e6c9ad7_jpg.rf.dc1f0d12813083aab9fb99102585b34d.jpg, 1, 0
0e1ff27892fea73d06a3b6258642d5b9_jpg.rf.dd32342c1137e5de787af4ff6cbb8407.jpg, 1, 0
flipped_8d5b5bc03e7dd9839e93f23de52cadea_jpg.rf.dc0e2328a9b9b113d19be43979947673.jpg, 1, 0
1a0d8794da6ad562b0a3ef3030062585_jpg.rf.dce3663003a4e22686bf150e5bfa5bb2.jpg, 0, 1
c27b6be6e0de2f2a0c24737c9bf6d7a7_jpg.rf.dcc4522eefe514aedea687b558170c74.jpg, 0, 1
flipped_0a1679f06898f00f8b3779bdefa24705_jpg.rf.dc27924252a947b06efb80feea1c957f.jpg, 1, 0
deepfake-src_27-ref_53_jpg.rf.dcdd6e03e1a3a0b38b596fc942c7af55.jpg, 0, 1
191ec554303c7cbdca99db7b3b9f6bae_jpg.rf.dc45bd46240284711b56aec661097b5b.jpg, 1, 0
832d0962ccb4c4a44ac14defa5576cc9_jpg.rf.dd9b122d3a12f77cc2192749502decf1.jpg, 1, 0
0a3447c667d3e48dd817e915c00a7198_jpg.rf.ddfb28216e0f46edb7d1a8d6ef498369.jpg, 0, 1
e1a36cc51b00c5f90714f6182d8694d5_jpg.rf.de8e9e023ca7851dbd662df9812d9aec.jpg, 0, 1
deepfake-src_12-ref_102_jpg.rf.de7132b5e0f90241e9a0a6d7865afdda.jpg, 0, 1
50a84b21ad97bbb7b714f560140bf21a_jpg.rf.dda1bb1e13df0e9ed903f4707c7068f2.jpg, 0, 1
9a5e18a0ff9737498513cf633259926f_jpg.rf.dc3471b98e607b980078d62b69ecefa6.jpg, 0, 1
deepfake-src_22-ref_100_jpg.rf.dedb6c25fd7a0c3222248eb178d43f46.jpg, 0, 1
5f4e6eccb12ebac815bd7c5eecac5341_jpg.rf.deab36ae27bb714bcd0c08b87fb431d4.jpg, 0, 1
0a691b93d2b42903e616dc90e5883327_jpg.rf.dffb0b255a310fa36e4a9cacae365651.jpg, 0, 1
deepfake-src_9-ref_48_jpg.rf.de0dac83e6772fa1d1604d456c28b2fa.jpg, 0, 1
899e56b27f7576bce3aac6050c08a614_jpg.rf.ddd59cd581fd243e28b29fedc9df49ac.jpg, 1, 0
deepfake-src_34-ref_135_jpg.rf.df3208381e7570ae4de05df900f19175.jpg, 0, 1
7d5d2a8f18cbd33e8fb4abe37314ad0d_jpg.rf.df89b698905ac0839bc5ddacb3ea2ca0.jpg, 0, 1
088d904dbbd881e419a8dc06319aa5de_jpg.rf.df02f397727aa22181b1ecc845d586a3.jpg, 0, 1
ec9b8cb62382fa9e54b4a1e8ae748f98_jpg.rf.df8e057bdf845b51fc09e734f3326a32.jpg, 1, 0
deepfake-src_12-ref_59_jpg.rf.e0186a4e55182e28c57656ac419c1621.jpg, 0, 1
flipped_1d36f896a9096a70316f84ee57f2189a_jpg.rf.e04ad03907cffde2700542a40816e06a.jpg, 1, 0
9f804de9cc2265a1a744f33df41fa34b_jpg.rf.e0fe4840b3c2e4ec753a0d4fd51878a2.jpg, 0, 1
deepfake-src_32-ref_69_jpg.rf.e0c6cf7991b231b8f5475717bd940ed8.jpg, 0, 1
flipped_1de88edebdf191c1a162f10dc19103c0_jpg.rf.e08e78eff7c4d3edaf531dd67bebdc17.jpg, 1, 0
5bd1ce9ae6e70c16bec9c3602a3b3473_jpg.rf.dfdac443b1a89ed59a239ad8a171fe36.jpg, 0, 1
290c44ef680d26318b4d560e2e015881_jpg.rf.e0ca3b5493db741b9ae2137daf4fd17f.jpg, 1, 0
flipped_1bb2663f2058a72c4e679d9a05da34ae_jpg.rf.e1102ebb74ec60032660bdc86fb5595f.jpg, 1, 0
36a6af6d93c5de950dc8b326d40fdfa0_jpg.rf.e091b53e2487aa734ae0b0edbd2f80bc.jpg, 0, 1
713bff1f35c3e3fb0caf4a856735c4d6_jpg.rf.e1ae2fda285c36a291b8cc5cd80b87b8.jpg, 1, 0
17cb446bc3b1a5528482786151e4b956_jpg.rf.e1a50f7947b39ac26df5a0a7a8a88a17.jpg, 1, 0
deepfake-src_29-ref_97_jpg.rf.e1622976056fc9be2b26e47e035c047a.jpg, 0, 1
2d3a0dae76fe10270af48da8d0e63a64_jpg.rf.e199c70795e8abce5cf50d35668315e8.jpg, 0, 1
c62087bf548797eeecd5d25732f3e250_jpg.rf.e1bb60cb199c61fb42fb9ae6cf85c25e.jpg, 0, 1
d3a5cbfd1b4238fc14b34ab66650cea7_jpg.rf.e1f89f7c108b91c7a7f5522d48404646.jpg, 0, 1
2aaa68dcf10534c4cbbb71d3bef87554_jpg.rf.e1e3f12e794779ab59ecbaf535366e1c.jpg, 0, 1
flipped_7ad133af9b940cee81c23cefaa29d384_jpg.rf.e29a2af53af106beb847ca38e98e0087.jpg, 1, 0
d052edd0af1a2e7190d5df43bdf95c5d_jpg.rf.e1c42a85f4139cafce71af6e2c2d04ee.jpg, 0, 1
deepfake-src_6-ref_95_jpg.rf.e48e0e98ed1f058db78747e31a5ed91b.jpg, 0, 1
deepfake-src_28-ref_143_jpg.rf.e2dda9ba6c26f91e3b6ac4f98384503f.jpg, 0, 1
5f5eed97f00bda4fffb24842ec6093d3_jpg.rf.e3452f0d710836284c5dbb58ba8a6291.jpg, 0, 1
3c477180f844f476dc7059e9a5dc0e6f_jpg.rf.e35f0aa0138104954bc0d038bcdb423e.jpg, 0, 1
65a2f782f89cbac890d2f9721039e889_jpg.rf.e3fddc291eb3a491a0c910a768e7bb82.jpg, 1, 0
592de7154432ca086a1fe791e4e30559_jpg.rf.e3c4631e0bb2f17ccb9d7342387f5ed7.jpg, 1, 0
flipped_6c2461bd174c64a085c5dd58a6457758_jpg.rf.e30a35b3b2f495c1b8693d3642c6a006.jpg, 1, 0
cdea6f2861c69ebcb9c1cca125e567b2_jpg.rf.e205051024c96dda33e0484be3fa5da6.jpg, 0, 1
deepfake-src_19-ref_7_jpg.rf.e5d22aaa0e55a316fa7a234aaef22d7a.jpg, 0, 1
4af72bca86f4298ba984ce908162a0bb_jpg.rf.e35a1fb27c74b7c4d24a546f984d1406.jpg, 0, 1
flipped_6b68e903bb27d6308fd7f9e4291b7de9_jpg.rf.e39d58ce9278d9bfee02715af9e22331.jpg, 1, 0
7c9b90889209e1de10382b94c01e00f9_jpg.rf.e4d3d71f837e02060c5f85c1bd66d2aa.jpg, 0, 1
flipped_0a427ae12e4907df65c2fa247c21c462_jpg.rf.e69974cba6c3f9d23af0d2a448923e75.jpg, 1, 0
2e87cab8615892016d96ceaec71232b3_jpg.rf.e6f4fed51ea0ad2353ab1e08eb4cd60f.jpg, 0, 1
deepfake-src_13-ref_144_jpg.rf.e37b451bb99516af1f7a7a72e5e52305.jpg, 0, 1
15ec2cf01c136aa5341e27b53755dcca_jpg.rf.e5f6d7ce01eb491ef2a71e1298e6c73c.jpg, 1, 0
6a4dfc4f104be5123b5c4c1339220f39_jpg.rf.e738118fa51f018e63ee31f4887205ef.jpg, 1, 0
861d20bcddeba945204bf5387fb7f05b_jpg.rf.e49505035f9faad87d7826c37702ddc4.jpg, 1, 0
d1304d3a7022539355fe4d48dc3d4232_jpg.rf.e7e1298a92fbc3b4544624d3382aedca.jpg, 0, 1
6928a0c70c8cb3aad2baf5505f2163df_jpg.rf.e6e05874dfc5102c7d930509908a0b31.jpg, 1, 0
0a004703dcfcd06e56ee44208e88bcd2_jpg.rf.e54d23235ef74c01d9760997f7818d8e.jpg, 0, 1
4e8d360f176bee44da771e9899fde03e_jpg.rf.e77bc16af5ee06471551329dec521ece.jpg, 0, 1
1a9f2aa2775b4471356d1ad13a299d82_jpg.rf.e797bdb48d320d74091ca621836daba9.jpg, 0, 1
8ce4df162d55424fbca26d6fa8e64c97_jpg.rf.e76224471401e4e79877a4f55b32fbb3.jpg, 1, 0
5f2efd1eb0116396922d31565b47a21d_jpg.rf.e47ce0b28bbeae582dfb048c3f0631b4.jpg, 0, 1
00a1868b00b3536fc8e2354c6abeae8b_jpg.rf.e7ccc437100e05dc38ff45171517087f.jpg, 0, 1
deepfake-src_14-ref_0_jpg.rf.e6957c605616f0415ce7495bba4ace08.jpg, 0, 1
flipped_0a883f5da534ae88d34cbc46c0848e0f_jpg.rf.e2dae1b653e22e2d89e9db714e0a2257.jpg, 1, 0
flipped_4d54e0c265a79840870aa87b4046c93a_jpg.rf.e525de1fee022cdd1fdaf98c397eca4c.jpg, 1, 0
e26edb05d05fb682e79c3b05ea13c7a6_jpg.rf.e82fbc271a5b1baea04dc3b5d3b6f599.jpg, 0, 1
5ecfaa557976117698af069e2b8b461c_jpg.rf.e7dec7de209061dba994610cdf2142d9.jpg, 1, 0
e9d69a5e04abc023a2a08b81a22fbcbb_jpg.rf.e883ac75bc2e7ac6c831ff84267bfab3.jpg, 0, 1
673f9ffdc56b59f2ba92274cb3741520_jpg.rf.e8ba6bc49a4e793775e27e0c6d4c382b.jpg, 1, 0
deepfake-src_19-ref_141_jpg.rf.e83b4804df5869c6b010f76675fade86.jpg, 0, 1
d630f5ff774d076f97432c4542e64e8f_jpg.rf.e928a2dbd90eec03ab27dc011b536678.jpg, 0, 1
9b4b8fdfe7b95f98d9f010cf67430e2e_jpg.rf.ea41d94b4ad5e008c35d2968cf82ae05.jpg, 1, 0
flipped_0aecb86cc65e5ce226694f38edd2fbc4_jpg.rf.e9b7510617e493bc1dd813be43b36d22.jpg, 1, 0
1e3843176fa7ee53d9e35b709284742c_jpg.rf.e9f745609e1dd0e0e4fb8586468c5785.jpg, 0, 1
deepfake-src_21-ref_5_jpg.rf.e949272dbf1d9968be44ffc32c2da181.jpg, 0, 1
e1532d27311b053dd4e947d8e2a2e67a_jpg.rf.e9544244a1aae031333d24aae850569b.jpg, 0, 1
deepfake-src_33-ref_1_jpg.rf.ea81670593b71c2040fa9ae39deda392.jpg, 0, 1
862db550ca326c881373bbd3e3a5a43f_jpg.rf.e96da86d78964bdf53fc433e7858ca27.jpg, 1, 0
0a1679f06898f00f8b3779bdefa24705_jpg.rf.ea9d927f660e8e1fc14dc4f07e3f99c2.jpg, 1, 0
0428dce6b8948e94c0381b575a8c197f_jpg.rf.eadf630d10db7a827f12b16bb729d075.jpg, 1, 0
df7639c8e42e9b37d0b0ef6b2be2b2d8_jpg.rf.e900bc50226fe7c3aacfb3de7b9396e6.jpg, 0, 1
8570d5db34e93a6856a2c9835728f1bb_jpg.rf.ead5dba8e48ffbf4263788dad614ae7a.jpg, 1, 0
4a536cd324ccfc45073c8d58a0726756_jpg.rf.eaf8472e0688101c377b408bfdad0906.jpg, 1, 0
deepfake-src_25-ref_127_jpg.rf.ea27088fc27f0cc14615d263a2b6daca.jpg, 0, 1
1e7646a97ef8b481e5fb13f31c9c5697_jpg.rf.ea482cf40622aa32374782f7bac7d0fd.jpg, 1, 0
319d9e759420cb67413c34dcb1561d44_jpg.rf.ea3056fa3096bf09918a87c5f68655ee.jpg, 1, 0
flipped_5d71be34c9de2602cf8746329bba157c_jpg.rf.eb00b0fdcf046358847885555da87055.jpg, 1, 0